id_sensor,data_hora,valor
1,2025-07-01 22:30:05.982651,65.77
1,2025-07-02 22:30:05.982651,26.17
1,2025-07-03 22:30:05.982651,15.79
1,2025-07-04 22:30:05.982651,85.13
1,2025-07-05 22:30:05.982651,27.16
1,2025-07-06 22:30:05.982651,58.51
1,2025-07-07 22:30:05.982651,60.74
1,2025-07-08 22:30:05.982651,42.73
1,2025-07-09 22:30:05.982651,57.53
1,2025-07-10 22:30:05.982651,52.05
1,2025-07-11 22:30:05.982651,89.12
1,2025-07-12 22:30:05.982651,23.38
1,2025-07-13 22:30:05.982651,69.46
1,2025-07-14 22:30:05.982651,26.48
1,2025-07-15 22:30:05.982651,40.62
1,2025-07-16 22:30:05.982651,65.45
1,2025-07-17 22:30:05.982651,32.0
1,2025-07-18 22:30:05.982651,33.46
1,2025-07-19 22:30:05.982651,72.67
1,2025-07-20 22:30:05.982651,11.53
1,2025-07-21 22:30:05.982651,46.25
1,2025-07-22 22:30:05.982651,94.86
1,2025-07-23 22:30:05.982651,94.65
1,2025-07-24 22:30:05.982651,11.59
1,2025-07-25 22:30:05.982651,24.18
1,2025-07-26 22:30:05.982651,28.87
1,2025-07-27 22:30:05.982651,88.99
1,2025-07-28 22:30:05.982651,84.28
1,2025-07-29 22:30:05.982651,84.13
1,2025-07-30 22:30:05.982651,38.26
2,2025-07-01 22:30:05.982967,19.2
2,2025-07-02 22:30:05.982967,80.04
2,2025-07-03 22:30:05.982967,68.32
2,2025-07-04 22:30:05.982967,60.05
2,2025-07-05 22:30:05.982967,93.85
2,2025-07-06 22:30:05.982967,63.86
2,2025-07-07 22:30:05.982967,5.7
2,2025-07-08 22:30:05.982967,78.54
2,2025-07-09 22:30:05.982967,31.94
2,2025-07-10 22:30:05.982967,64.7
2,2025-07-11 22:30:05.982967,89.5
2,2025-07-12 22:30:05.982967,17.09
2,2025-07-13 22:30:05.982967,15.39
2,2025-07-14 22:30:05.982967,14.63
2,2025-07-15 22:30:05.982967,54.79
2,2025-07-16 22:30:05.982967,29.51
2,2025-07-17 22:30:05.982967,59.43
2,2025-07-18 22:30:05.982967,69.59
2,2025-07-19 22:30:05.982967,23.32
2,2025-07-20 22:30:05.982967,62.08
2,2025-07-21 22:30:05.982967,28.76
2,2025-07-22 22:30:05.982967,48.97
2,2025-07-23 22:30:05.982967,86.48
2,2025-07-24 22:30:05.982967,81.15
2,2025-07-25 22:30:05.982967,13.31
2,2025-07-26 22:30:05.982967,43.12
2,2025-07-27 22:30:05.982967,29.9
2,2025-07-28 22:30:05.982967,5.32
2,2025-07-29 22:30:05.982967,74.4
2,2025-07-30 22:30:05.982967,62.34
3,2025-07-01 22:30:05.983164,28.58
3,2025-07-02 22:30:05.983164,71.71
3,2025-07-03 22:30:05.983164,54.65
3,2025-07-04 22:30:05.983164,43.49
3,2025-07-05 22:30:05.983164,5.87
3,2025-07-06 22:30:05.983164,11.77
3,2025-07-07 22:30:05.983164,84.48
3,2025-07-08 22:30:05.983164,86.35
3,2025-07-09 22:30:05.983164,54.1
3,2025-07-10 22:30:05.983164,80.11
3,2025-07-11 22:30:05.983164,57.43
3,2025-07-12 22:30:05.983164,18.33
3,2025-07-13 22:30:05.983164,16.47
3,2025-07-14 22:30:05.983164,32.74
3,2025-07-15 22:30:05.983164,85.91
3,2025-07-16 22:30:05.983164,76.65
3,2025-07-17 22:30:05.983164,82.46
3,2025-07-18 22:30:05.983164,85.9
3,2025-07-19 22:30:05.983164,23.91
3,2025-07-20 22:30:05.983164,27.46
3,2025-07-21 22:30:05.983164,14.25
3,2025-07-22 22:30:05.983164,75.21
3,2025-07-23 22:30:05.983164,84.57
3,2025-07-24 22:30:05.983164,41.57
3,2025-07-25 22:30:05.983164,60.86
3,2025-07-26 22:30:05.983164,18.91
3,2025-07-27 22:30:05.983164,88.69
3,2025-07-28 22:30:05.983164,82.81
3,2025-07-29 22:30:05.983164,92.86
3,2025-07-30 22:30:05.983164,77.97
4,2025-07-01 22:30:05.983377,84.33
4,2025-07-02 22:30:05.983377,7.23
4,2025-07-03 22:30:05.983377,71.29
4,2025-07-04 22:30:05.983377,34.9
4,2025-07-05 22:30:05.983377,88.77
4,2025-07-06 22:30:05.983377,77.2
4,2025-07-07 22:30:05.983377,82.77
4,2025-07-08 22:30:05.983377,77.97
4,2025-07-09 22:30:05.983377,29.01
4,2025-07-10 22:30:05.983377,75.86
4,2025-07-11 22:30:05.983377,14.73
4,2025-07-12 22:30:05.983377,83.5
4,2025-07-13 22:30:05.983377,82.27
4,2025-07-14 22:30:05.983377,25.02
4,2025-07-15 22:30:05.983377,78.49
4,2025-07-16 22:30:05.983377,46.43
4,2025-07-17 22:30:05.983377,32.47
4,2025-07-18 22:30:05.983377,76.58
4,2025-07-19 22:30:05.983377,25.48
4,2025-07-20 22:30:05.983377,7.13
4,2025-07-21 22:30:05.983377,22.38
4,2025-07-22 22:30:05.983377,34.54
4,2025-07-23 22:30:05.983377,82.79
4,2025-07-24 22:30:05.983377,92.02
4,2025-07-25 22:30:05.983377,30.12
4,2025-07-26 22:30:05.983377,62.73
4,2025-07-27 22:30:05.983377,40.97
4,2025-07-28 22:30:05.983377,93.3
4,2025-07-29 22:30:05.983377,53.26
4,2025-07-30 22:30:05.983377,89.53
5,2025-07-01 22:30:05.983617,15.38
5,2025-07-02 22:30:05.983617,92.34
5,2025-07-03 22:30:05.983617,21.07
5,2025-07-04 22:30:05.983617,91.63
5,2025-07-05 22:30:05.983617,28.89
5,2025-07-06 22:30:05.983617,14.76
5,2025-07-07 22:30:05.983617,44.11
5,2025-07-08 22:30:05.983617,70.57
5,2025-07-09 22:30:05.983617,33.23
5,2025-07-10 22:30:05.983617,59.56
5,2025-07-11 22:30:05.983617,51.03
5,2025-07-12 22:30:05.983617,39.67
5,2025-07-13 22:30:05.983617,56.89
5,2025-07-14 22:30:05.983617,27.93
5,2025-07-15 22:30:05.983617,68.79
5,2025-07-16 22:30:05.983617,5.15
5,2025-07-17 22:30:05.983617,88.3
5,2025-07-18 22:30:05.983617,53.46
5,2025-07-19 22:30:05.983617,69.75
5,2025-07-20 22:30:05.983617,71.78
5,2025-07-21 22:30:05.983617,65.36
5,2025-07-22 22:30:05.983617,37.78
5,2025-07-23 22:30:05.983617,11.3
5,2025-07-24 22:30:05.983617,64.78
5,2025-07-25 22:30:05.983617,34.72
5,2025-07-26 22:30:05.983617,33.25
5,2025-07-27 22:30:05.983617,81.32
5,2025-07-28 22:30:05.983617,69.78
5,2025-07-29 22:30:05.983617,32.03
5,2025-07-30 22:30:05.983617,32.84
6,2025-07-01 22:30:05.983822,41.76
6,2025-07-02 22:30:05.983822,41.22
6,2025-07-03 22:30:05.983822,31.61
6,2025-07-04 22:30:05.983822,16.46
6,2025-07-05 22:30:05.983822,42.84
6,2025-07-06 22:30:05.983822,89.63
6,2025-07-07 22:30:05.983822,65.96
6,2025-07-08 22:30:05.983822,86.25
6,2025-07-09 22:30:05.983822,60.4
6,2025-07-10 22:30:05.983822,32.09
6,2025-07-11 22:30:05.983822,54.31
6,2025-07-12 22:30:05.983822,5.04
6,2025-07-13 22:30:05.983822,30.82
6,2025-07-14 22:30:05.983822,43.69
6,2025-07-15 22:30:05.983822,57.2
6,2025-07-16 22:30:05.983822,63.92
6,2025-07-17 22:30:05.983822,46.85
6,2025-07-18 22:30:05.983822,44.79
6,2025-07-19 22:30:05.983822,24.23
6,2025-07-20 22:30:05.983822,47.59
6,2025-07-21 22:30:05.983822,86.11
6,2025-07-22 22:30:05.983822,76.64
6,2025-07-23 22:30:05.983822,20.27
6,2025-07-24 22:30:05.983822,12.63
6,2025-07-25 22:30:05.983822,51.39
6,2025-07-26 22:30:05.983822,61.96
6,2025-07-27 22:30:05.983822,35.17
6,2025-07-28 22:30:05.983822,78.66
6,2025-07-29 22:30:05.983822,72.6
6,2025-07-30 22:30:05.983822,65.55
7,2025-07-01 22:30:05.984041,25.22
7,2025-07-02 22:30:05.984041,22.92
7,2025-07-03 22:30:05.984041,7.2
7,2025-07-04 22:30:05.984041,27.04
7,2025-07-05 22:30:05.984041,47.76
7,2025-07-06 22:30:05.984041,81.48
7,2025-07-07 22:30:05.984041,11.55
7,2025-07-08 22:30:05.984041,42.3
7,2025-07-09 22:30:05.984041,61.68
7,2025-07-10 22:30:05.984041,22.5
7,2025-07-11 22:30:05.984041,67.67
7,2025-07-12 22:30:05.984041,49.49
7,2025-07-13 22:30:05.984041,26.96
7,2025-07-14 22:30:05.984041,64.05
7,2025-07-15 22:30:05.984041,5.5
7,2025-07-16 22:30:05.984041,72.59
7,2025-07-17 22:30:05.984041,74.3
7,2025-07-18 22:30:05.984041,14.59
7,2025-07-19 22:30:05.984041,43.26
7,2025-07-20 22:30:05.984041,20.83
7,2025-07-21 22:30:05.984041,91.22
7,2025-07-22 22:30:05.984041,51.62
7,2025-07-23 22:30:05.984041,9.52
7,2025-07-24 22:30:05.984041,27.43
7,2025-07-25 22:30:05.984041,81.35
7,2025-07-26 22:30:05.984041,46.08
7,2025-07-27 22:30:05.984041,77.13
7,2025-07-28 22:30:05.984041,65.08
7,2025-07-29 22:30:05.984041,93.91
7,2025-07-30 22:30:05.984041,58.59
8,2025-07-01 22:30:05.984320,90.5
8,2025-07-02 22:30:05.984320,85.23
8,2025-07-03 22:30:05.984320,60.14
8,2025-07-04 22:30:05.984320,69.73
8,2025-07-05 22:30:05.984320,50.43
8,2025-07-06 22:30:05.984320,79.75
8,2025-07-07 22:30:05.984320,54.31
8,2025-07-08 22:30:05.984320,85.75
8,2025-07-09 22:30:05.984320,71.93
8,2025-07-10 22:30:05.984320,47.72
8,2025-07-11 22:30:05.984320,28.33
8,2025-07-12 22:30:05.984320,27.25
8,2025-07-13 22:30:05.984320,62.39
8,2025-07-14 22:30:05.984320,73.92
8,2025-07-15 22:30:05.984320,51.92
8,2025-07-16 22:30:05.984320,61.41
8,2025-07-17 22:30:05.984320,29.71
8,2025-07-18 22:30:05.984320,11.97
8,2025-07-19 22:30:05.984320,30.72
8,2025-07-20 22:30:05.984320,29.45
8,2025-07-21 22:30:05.984320,33.77
8,2025-07-22 22:30:05.984320,53.61
8,2025-07-23 22:30:05.984320,17.45
8,2025-07-24 22:30:05.984320,25.81
8,2025-07-25 22:30:05.984320,67.46
8,2025-07-26 22:30:05.984320,68.58
8,2025-07-27 22:30:05.984320,10.78
8,2025-07-28 22:30:05.984320,41.68
8,2025-07-29 22:30:05.984320,53.84
8,2025-07-30 22:30:05.984320,42.42
9,2025-07-01 22:30:05.984505,23.62
9,2025-07-02 22:30:05.984505,42.81
9,2025-07-03 22:30:05.984505,86.44
9,2025-07-04 22:30:05.984505,57.57
9,2025-07-05 22:30:05.984505,67.6
9,2025-07-06 22:30:05.984505,82.11
9,2025-07-07 22:30:05.984505,73.9
9,2025-07-08 22:30:05.984505,39.23
9,2025-07-09 22:30:05.984505,5.53
9,2025-07-10 22:30:05.984505,36.66
9,2025-07-11 22:30:05.984505,72.81
9,2025-07-12 22:30:05.984505,81.81
9,2025-07-13 22:30:05.984505,90.81
9,2025-07-14 22:30:05.984505,42.71
9,2025-07-15 22:30:05.984505,72.28
9,2025-07-16 22:30:05.984505,54.15
9,2025-07-17 22:30:05.984505,59.29
9,2025-07-18 22:30:05.984505,24.85
9,2025-07-19 22:30:05.984505,24.75
9,2025-07-20 22:30:05.984505,44.23
9,2025-07-21 22:30:05.984505,7.61
9,2025-07-22 22:30:05.984505,35.25
9,2025-07-23 22:30:05.984505,66.12
9,2025-07-24 22:30:05.984505,41.39
9,2025-07-25 22:30:05.984505,19.85
9,2025-07-26 22:30:05.984505,47.07
9,2025-07-27 22:30:05.984505,16.49
9,2025-07-28 22:30:05.984505,61.0
9,2025-07-29 22:30:05.984505,7.43
9,2025-07-30 22:30:05.984505,40.46
10,2025-07-01 22:30:05.984733,55.8
10,2025-07-02 22:30:05.984733,7.44
10,2025-07-03 22:30:05.984733,62.85
10,2025-07-04 22:30:05.984733,17.21
10,2025-07-05 22:30:05.984733,46.55
10,2025-07-06 22:30:05.984733,9.53
10,2025-07-07 22:30:05.984733,39.12
10,2025-07-08 22:30:05.984733,24.05
10,2025-07-09 22:30:05.984733,34.42
10,2025-07-10 22:30:05.984733,73.51
10,2025-07-11 22:30:05.984733,39.12
10,2025-07-12 22:30:05.984733,72.68
10,2025-07-13 22:30:05.984733,79.87
10,2025-07-14 22:30:05.984733,27.7
10,2025-07-15 22:30:05.984733,12.37
10,2025-07-16 22:30:05.984733,6.74
10,2025-07-17 22:30:05.984733,53.55
10,2025-07-18 22:30:05.984733,94.99
10,2025-07-19 22:30:05.984733,36.5
10,2025-07-20 22:30:05.984733,63.51
10,2025-07-21 22:30:05.984733,75.31
10,2025-07-22 22:30:05.984733,63.66
10,2025-07-23 22:30:05.984733,72.88
10,2025-07-24 22:30:05.984733,90.47
10,2025-07-25 22:30:05.984733,22.94
10,2025-07-26 22:30:05.984733,6.83
10,2025-07-27 22:30:05.984733,18.71
10,2025-07-28 22:30:05.984733,16.36
10,2025-07-29 22:30:05.984733,65.25
10,2025-07-30 22:30:05.984733,55.76
11,2025-07-01 22:30:05.984936,24.62
11,2025-07-02 22:30:05.984936,67.95
11,2025-07-03 22:30:05.984936,74.02
11,2025-07-04 22:30:05.984936,20.1
11,2025-07-05 22:30:05.984936,59.65
11,2025-07-06 22:30:05.984936,72.31
11,2025-07-07 22:30:05.984936,15.31
11,2025-07-08 22:30:05.984936,78.74
11,2025-07-09 22:30:05.984936,91.82
11,2025-07-10 22:30:05.984936,14.73
11,2025-07-11 22:30:05.984936,7.31
11,2025-07-12 22:30:05.984936,33.08
11,2025-07-13 22:30:05.984936,65.96
11,2025-07-14 22:30:05.984936,91.24
11,2025-07-15 22:30:05.984936,40.7
11,2025-07-16 22:30:05.984936,69.35
11,2025-07-17 22:30:05.984936,11.84
11,2025-07-18 22:30:05.984936,67.16
11,2025-07-19 22:30:05.984936,61.45
11,2025-07-20 22:30:05.984936,14.17
11,2025-07-21 22:30:05.984936,74.52
11,2025-07-22 22:30:05.984936,81.53
11,2025-07-23 22:30:05.984936,59.04
11,2025-07-24 22:30:05.984936,15.89
11,2025-07-25 22:30:05.984936,93.55
11,2025-07-26 22:30:05.984936,75.44
11,2025-07-27 22:30:05.984936,36.25
11,2025-07-28 22:30:05.984936,43.55
11,2025-07-29 22:30:05.984936,38.35
11,2025-07-30 22:30:05.984936,50.54
12,2025-07-01 22:30:05.985132,35.71
12,2025-07-02 22:30:05.985132,81.46
12,2025-07-03 22:30:05.985132,79.01
12,2025-07-04 22:30:05.985132,14.5
12,2025-07-05 22:30:05.985132,91.47
12,2025-07-06 22:30:05.985132,62.2
12,2025-07-07 22:30:05.985132,79.58
12,2025-07-08 22:30:05.985132,68.66
12,2025-07-09 22:30:05.985132,44.19
12,2025-07-10 22:30:05.985132,71.04
12,2025-07-11 22:30:05.985132,91.89
12,2025-07-12 22:30:05.985132,29.31
12,2025-07-13 22:30:05.985132,77.74
12,2025-07-14 22:30:05.985132,53.44
12,2025-07-15 22:30:05.985132,48.51
12,2025-07-16 22:30:05.985132,44.2
12,2025-07-17 22:30:05.985132,70.79
12,2025-07-18 22:30:05.985132,29.16
12,2025-07-19 22:30:05.985132,81.65
12,2025-07-20 22:30:05.985132,79.77
12,2025-07-21 22:30:05.985132,12.8
12,2025-07-22 22:30:05.985132,84.35
12,2025-07-23 22:30:05.985132,26.95
12,2025-07-24 22:30:05.985132,46.82
12,2025-07-25 22:30:05.985132,59.93
12,2025-07-26 22:30:05.985132,39.11
12,2025-07-27 22:30:05.985132,7.58
12,2025-07-28 22:30:05.985132,81.59
12,2025-07-29 22:30:05.985132,21.37
12,2025-07-30 22:30:05.985132,24.09
13,2025-07-01 22:30:05.985346,76.8
13,2025-07-02 22:30:05.985346,35.63
13,2025-07-03 22:30:05.985346,84.23
13,2025-07-04 22:30:05.985346,68.11
13,2025-07-05 22:30:05.985346,29.86
13,2025-07-06 22:30:05.985346,5.91
13,2025-07-07 22:30:05.985346,90.33
13,2025-07-08 22:30:05.985346,12.71
13,2025-07-09 22:30:05.985346,69.81
13,2025-07-10 22:30:05.985346,48.97
13,2025-07-11 22:30:05.985346,73.23
13,2025-07-12 22:30:05.985346,67.15
13,2025-07-13 22:30:05.985346,63.13
13,2025-07-14 22:30:05.985346,49.17
13,2025-07-15 22:30:05.985346,76.36
13,2025-07-16 22:30:05.985346,13.37
13,2025-07-17 22:30:05.985346,24.94
13,2025-07-18 22:30:05.985346,67.26
13,2025-07-19 22:30:05.985346,32.56
13,2025-07-20 22:30:05.985346,57.34
13,2025-07-21 22:30:05.985346,47.59
13,2025-07-22 22:30:05.985346,52.78
13,2025-07-23 22:30:05.985346,43.3
13,2025-07-24 22:30:05.985346,72.13
13,2025-07-25 22:30:05.985346,34.77
13,2025-07-26 22:30:05.985346,68.26
13,2025-07-27 22:30:05.985346,29.38
13,2025-07-28 22:30:05.985346,27.63
13,2025-07-29 22:30:05.985346,15.86
13,2025-07-30 22:30:05.985346,22.33
14,2025-07-01 22:30:05.985541,15.76
14,2025-07-02 22:30:05.985541,53.23
14,2025-07-03 22:30:05.985541,73.6
14,2025-07-04 22:30:05.985541,21.66
14,2025-07-05 22:30:05.985541,24.47
14,2025-07-06 22:30:05.985541,48.58
14,2025-07-07 22:30:05.985541,70.21
14,2025-07-08 22:30:05.985541,92.89
14,2025-07-09 22:30:05.985541,52.22
14,2025-07-10 22:30:05.985541,30.47
14,2025-07-11 22:30:05.985541,14.05
14,2025-07-12 22:30:05.985541,22.47
14,2025-07-13 22:30:05.985541,25.47
14,2025-07-14 22:30:05.985541,21.15
14,2025-07-15 22:30:05.985541,6.27
14,2025-07-16 22:30:05.985541,53.07
14,2025-07-17 22:30:05.985541,29.69
14,2025-07-18 22:30:05.985541,92.69
14,2025-07-19 22:30:05.985541,54.8
14,2025-07-20 22:30:05.985541,67.77
14,2025-07-21 22:30:05.985541,16.37
14,2025-07-22 22:30:05.985541,83.16
14,2025-07-23 22:30:05.985541,49.18
14,2025-07-24 22:30:05.985541,83.54
14,2025-07-25 22:30:05.985541,56.67
14,2025-07-26 22:30:05.985541,47.25
14,2025-07-27 22:30:05.985541,44.64
14,2025-07-28 22:30:05.985541,21.59
14,2025-07-29 22:30:05.985541,9.62
14,2025-07-30 22:30:05.985541,89.7
15,2025-07-01 22:30:05.985745,48.0
15,2025-07-02 22:30:05.985745,78.99
15,2025-07-03 22:30:05.985745,41.06
15,2025-07-04 22:30:05.985745,11.67
15,2025-07-05 22:30:05.985745,61.65
15,2025-07-06 22:30:05.985745,9.82
15,2025-07-07 22:30:05.985745,18.43
15,2025-07-08 22:30:05.985745,55.66
15,2025-07-09 22:30:05.985745,32.35
15,2025-07-10 22:30:05.985745,94.45
15,2025-07-11 22:30:05.985745,15.66
15,2025-07-12 22:30:05.985745,73.8
15,2025-07-13 22:30:05.985745,59.57
15,2025-07-14 22:30:05.985745,76.17
15,2025-07-15 22:30:05.985745,25.31
15,2025-07-16 22:30:05.985745,52.03
15,2025-07-17 22:30:05.985745,45.55
15,2025-07-18 22:30:05.985745,44.84
15,2025-07-19 22:30:05.985745,82.41
15,2025-07-20 22:30:05.985745,94.1
15,2025-07-21 22:30:05.985745,32.48
15,2025-07-22 22:30:05.985745,60.89
15,2025-07-23 22:30:05.985745,59.87
15,2025-07-24 22:30:05.985745,71.61
15,2025-07-25 22:30:05.985745,90.28
15,2025-07-26 22:30:05.985745,23.7
15,2025-07-27 22:30:05.985745,23.99
15,2025-07-28 22:30:05.985745,64.44
15,2025-07-29 22:30:05.985745,19.14
15,2025-07-30 22:30:05.985745,20.64
16,2025-07-01 22:30:05.985940,11.76
16,2025-07-02 22:30:05.985940,5.24
16,2025-07-03 22:30:05.985940,45.55
16,2025-07-04 22:30:05.985940,58.44
16,2025-07-05 22:30:05.985940,31.21
16,2025-07-06 22:30:05.985940,25.83
16,2025-07-07 22:30:05.985940,68.63
16,2025-07-08 22:30:05.985940,68.27
16,2025-07-09 22:30:05.985940,45.86
16,2025-07-10 22:30:05.985940,66.86
16,2025-07-11 22:30:05.985940,88.15
16,2025-07-12 22:30:05.985940,75.9
16,2025-07-13 22:30:05.985940,61.26
16,2025-07-14 22:30:05.985940,64.51
16,2025-07-15 22:30:05.985940,89.03
16,2025-07-16 22:30:05.985940,43.26
16,2025-07-17 22:30:05.985940,54.01
16,2025-07-18 22:30:05.985940,63.29
16,2025-07-19 22:30:05.985940,86.76
16,2025-07-20 22:30:05.985940,79.4
16,2025-07-21 22:30:05.985940,11.43
16,2025-07-22 22:30:05.985940,19.93
16,2025-07-23 22:30:05.985940,32.69
16,2025-07-24 22:30:05.985940,72.41
16,2025-07-25 22:30:05.985940,56.23
16,2025-07-26 22:30:05.985940,30.97
16,2025-07-27 22:30:05.985940,16.19
16,2025-07-28 22:30:05.985940,66.98
16,2025-07-29 22:30:05.985940,67.98
16,2025-07-30 22:30:05.985940,89.84
17,2025-07-01 22:30:05.986140,50.04
17,2025-07-02 22:30:05.986140,49.44
17,2025-07-03 22:30:05.986140,12.24
17,2025-07-04 22:30:05.986140,8.59
17,2025-07-05 22:30:05.986140,43.88
17,2025-07-06 22:30:05.986140,34.01
17,2025-07-07 22:30:05.986140,27.53
17,2025-07-08 22:30:05.986140,13.22
17,2025-07-09 22:30:05.986140,91.57
17,2025-07-10 22:30:05.986140,80.24
17,2025-07-11 22:30:05.986140,56.77
17,2025-07-12 22:30:05.986140,90.57
17,2025-07-13 22:30:05.986140,94.96
17,2025-07-14 22:30:05.986140,65.51
17,2025-07-15 22:30:05.986140,29.26
17,2025-07-16 22:30:05.986140,8.62
17,2025-07-17 22:30:05.986140,73.06
17,2025-07-18 22:30:05.986140,47.35
17,2025-07-19 22:30:05.986140,63.64
17,2025-07-20 22:30:05.986140,87.45
17,2025-07-21 22:30:05.986140,21.33
17,2025-07-22 22:30:05.986140,57.68
17,2025-07-23 22:30:05.986140,62.13
17,2025-07-24 22:30:05.986140,49.26
17,2025-07-25 22:30:05.986140,13.21
17,2025-07-26 22:30:05.986140,36.32
17,2025-07-27 22:30:05.986140,35.0
17,2025-07-28 22:30:05.986140,65.31
17,2025-07-29 22:30:05.986140,82.2
17,2025-07-30 22:30:05.986140,34.68
18,2025-07-01 22:30:05.986362,67.43
18,2025-07-02 22:30:05.986362,30.94
18,2025-07-03 22:30:05.986362,90.07
18,2025-07-04 22:30:05.986362,78.22
18,2025-07-05 22:30:05.986362,54.51
18,2025-07-06 22:30:05.986362,45.93
18,2025-07-07 22:30:05.986362,33.31
18,2025-07-08 22:30:05.986362,34.09
18,2025-07-09 22:30:05.986362,92.32
18,2025-07-10 22:30:05.986362,41.38
18,2025-07-11 22:30:05.986362,51.31
18,2025-07-12 22:30:05.986362,93.93
18,2025-07-13 22:30:05.986362,64.19
18,2025-07-14 22:30:05.986362,53.83
18,2025-07-15 22:30:05.986362,42.19
18,2025-07-16 22:30:05.986362,21.88
18,2025-07-17 22:30:05.986362,37.56
18,2025-07-18 22:30:05.986362,73.08
18,2025-07-19 22:30:05.986362,61.29
18,2025-07-20 22:30:05.986362,73.4
18,2025-07-21 22:30:05.986362,23.32
18,2025-07-22 22:30:05.986362,54.43
18,2025-07-23 22:30:05.986362,88.49
18,2025-07-24 22:30:05.986362,44.43
18,2025-07-25 22:30:05.986362,67.84
18,2025-07-26 22:30:05.986362,15.93
18,2025-07-27 22:30:05.986362,92.58
18,2025-07-28 22:30:05.986362,59.8
18,2025-07-29 22:30:05.986362,26.54
18,2025-07-30 22:30:05.986362,19.25
19,2025-07-01 22:30:05.986572,54.58
19,2025-07-02 22:30:05.986572,54.7
19,2025-07-03 22:30:05.986572,13.39
19,2025-07-04 22:30:05.986572,94.3
19,2025-07-05 22:30:05.986572,87.16
19,2025-07-06 22:30:05.986572,46.53
19,2025-07-07 22:30:05.986572,15.57
19,2025-07-08 22:30:05.986572,79.89
19,2025-07-09 22:30:05.986572,49.85
19,2025-07-10 22:30:05.986572,69.49
19,2025-07-11 22:30:05.986572,50.8
19,2025-07-12 22:30:05.986572,29.61
19,2025-07-13 22:30:05.986572,80.13
19,2025-07-14 22:30:05.986572,93.22
19,2025-07-15 22:30:05.986572,26.94
19,2025-07-16 22:30:05.986572,54.61
19,2025-07-17 22:30:05.986572,39.52
19,2025-07-18 22:30:05.986572,87.97
19,2025-07-19 22:30:05.986572,50.74
19,2025-07-20 22:30:05.986572,84.14
19,2025-07-21 22:30:05.986572,82.76
19,2025-07-22 22:30:05.986572,29.86
19,2025-07-23 22:30:05.986572,76.1
19,2025-07-24 22:30:05.986572,42.34
19,2025-07-25 22:30:05.986572,89.08
19,2025-07-26 22:30:05.986572,50.7
19,2025-07-27 22:30:05.986572,78.85
19,2025-07-28 22:30:05.986572,30.46
19,2025-07-29 22:30:05.986572,31.87
19,2025-07-30 22:30:05.986572,57.82
20,2025-07-01 22:30:05.986789,94.9
20,2025-07-02 22:30:05.986789,49.07
20,2025-07-03 22:30:05.986789,18.37
20,2025-07-04 22:30:05.986789,53.47
20,2025-07-05 22:30:05.986789,36.06
20,2025-07-06 22:30:05.986789,54.67
20,2025-07-07 22:30:05.986789,53.91
20,2025-07-08 22:30:05.986789,45.98
20,2025-07-09 22:30:05.986789,33.96
20,2025-07-10 22:30:05.986789,21.98
20,2025-07-11 22:30:05.986789,67.77
20,2025-07-12 22:30:05.986789,56.46
20,2025-07-13 22:30:05.986789,26.02
20,2025-07-14 22:30:05.986789,74.8
20,2025-07-15 22:30:05.986789,8.93
20,2025-07-16 22:30:05.986789,72.02
20,2025-07-17 22:30:05.986789,68.47
20,2025-07-18 22:30:05.986789,78.03
20,2025-07-19 22:30:05.986789,39.75
20,2025-07-20 22:30:05.986789,64.73
20,2025-07-21 22:30:05.986789,78.87
20,2025-07-22 22:30:05.986789,93.27
20,2025-07-23 22:30:05.986789,49.58
20,2025-07-24 22:30:05.986789,8.33
20,2025-07-25 22:30:05.986789,50.21
20,2025-07-26 22:30:05.986789,58.12
20,2025-07-27 22:30:05.986789,83.27
20,2025-07-28 22:30:05.986789,83.68
20,2025-07-29 22:30:05.986789,44.63
20,2025-07-30 22:30:05.986789,52.34
21,2025-07-01 22:30:05.986982,46.12
21,2025-07-02 22:30:05.986982,70.02
21,2025-07-03 22:30:05.986982,41.9
21,2025-07-04 22:30:05.986982,63.93
21,2025-07-05 22:30:05.986982,18.89
21,2025-07-06 22:30:05.986982,47.25
21,2025-07-07 22:30:05.986982,92.23
21,2025-07-08 22:30:05.986982,35.47
21,2025-07-09 22:30:05.986982,67.34
21,2025-07-10 22:30:05.986982,63.49
21,2025-07-11 22:30:05.986982,81.66
21,2025-07-12 22:30:05.986982,81.71
21,2025-07-13 22:30:05.986982,82.34
21,2025-07-14 22:30:05.986982,39.2
21,2025-07-15 22:30:05.986982,33.5
21,2025-07-16 22:30:05.986982,69.68
21,2025-07-17 22:30:05.986982,73.35
21,2025-07-18 22:30:05.986982,83.51
21,2025-07-19 22:30:05.986982,8.23
21,2025-07-20 22:30:05.986982,11.16
21,2025-07-21 22:30:05.986982,61.8
21,2025-07-22 22:30:05.986982,87.88
21,2025-07-23 22:30:05.986982,94.77
21,2025-07-24 22:30:05.986982,72.21
21,2025-07-25 22:30:05.986982,44.06
21,2025-07-26 22:30:05.986982,13.86
21,2025-07-27 22:30:05.986982,62.04
21,2025-07-28 22:30:05.986982,83.53
21,2025-07-29 22:30:05.986982,44.93
21,2025-07-30 22:30:05.986982,67.46
22,2025-07-01 22:30:05.987173,86.31
22,2025-07-02 22:30:05.987173,9.14
22,2025-07-03 22:30:05.987173,76.65
22,2025-07-04 22:30:05.987173,31.4
22,2025-07-05 22:30:05.987173,38.74
22,2025-07-06 22:30:05.987173,18.1
22,2025-07-07 22:30:05.987173,52.8
22,2025-07-08 22:30:05.987173,55.93
22,2025-07-09 22:30:05.987173,76.33
22,2025-07-10 22:30:05.987173,20.3
22,2025-07-11 22:30:05.987173,12.11
22,2025-07-12 22:30:05.987173,83.38
22,2025-07-13 22:30:05.987173,60.77
22,2025-07-14 22:30:05.987173,26.67
22,2025-07-15 22:30:05.987173,87.15
22,2025-07-16 22:30:05.987173,17.88
22,2025-07-17 22:30:05.987173,46.5
22,2025-07-18 22:30:05.987173,27.86
22,2025-07-19 22:30:05.987173,27.98
22,2025-07-20 22:30:05.987173,5.85
22,2025-07-21 22:30:05.987173,77.42
22,2025-07-22 22:30:05.987173,86.11
22,2025-07-23 22:30:05.987173,65.98
22,2025-07-24 22:30:05.987173,19.22
22,2025-07-25 22:30:05.987173,44.76
22,2025-07-26 22:30:05.987173,36.1
22,2025-07-27 22:30:05.987173,57.88
22,2025-07-28 22:30:05.987173,62.5
22,2025-07-29 22:30:05.987173,43.19
22,2025-07-30 22:30:05.987173,27.51
23,2025-07-01 22:30:05.987404,81.08
23,2025-07-02 22:30:05.987404,22.93
23,2025-07-03 22:30:05.987404,39.62
23,2025-07-04 22:30:05.987404,48.49
23,2025-07-05 22:30:05.987404,26.35
23,2025-07-06 22:30:05.987404,56.47
23,2025-07-07 22:30:05.987404,56.73
23,2025-07-08 22:30:05.987404,94.34
23,2025-07-09 22:30:05.987404,31.57
23,2025-07-10 22:30:05.987404,93.02
23,2025-07-11 22:30:05.987404,64.24
23,2025-07-12 22:30:05.987404,29.7
23,2025-07-13 22:30:05.987404,55.93
23,2025-07-14 22:30:05.987404,66.72
23,2025-07-15 22:30:05.987404,72.02
23,2025-07-16 22:30:05.987404,9.41
23,2025-07-17 22:30:05.987404,59.58
23,2025-07-18 22:30:05.987404,49.71
23,2025-07-19 22:30:05.987404,86.37
23,2025-07-20 22:30:05.987404,30.76
23,2025-07-21 22:30:05.987404,76.9
23,2025-07-22 22:30:05.987404,59.64
23,2025-07-23 22:30:05.987404,36.71
23,2025-07-24 22:30:05.987404,62.3
23,2025-07-25 22:30:05.987404,60.88
23,2025-07-26 22:30:05.987404,66.0
23,2025-07-27 22:30:05.987404,69.88
23,2025-07-28 22:30:05.987404,64.33
23,2025-07-29 22:30:05.987404,80.45
23,2025-07-30 22:30:05.987404,61.54
24,2025-07-01 22:30:05.987607,86.31
24,2025-07-02 22:30:05.987607,63.17
24,2025-07-03 22:30:05.987607,32.8
24,2025-07-04 22:30:05.987607,44.67
24,2025-07-05 22:30:05.987607,57.16
24,2025-07-06 22:30:05.987607,70.91
24,2025-07-07 22:30:05.987607,13.11
24,2025-07-08 22:30:05.987607,31.56
24,2025-07-09 22:30:05.987607,72.27
24,2025-07-10 22:30:05.987607,20.81
24,2025-07-11 22:30:05.987607,16.89
24,2025-07-12 22:30:05.987607,53.55
24,2025-07-13 22:30:05.987607,92.43
24,2025-07-14 22:30:05.987607,52.78
24,2025-07-15 22:30:05.987607,87.21
24,2025-07-16 22:30:05.987607,79.74
24,2025-07-17 22:30:05.987607,28.13
24,2025-07-18 22:30:05.987607,79.22
24,2025-07-19 22:30:05.987607,48.37
24,2025-07-20 22:30:05.987607,77.58
24,2025-07-21 22:30:05.987607,72.19
24,2025-07-22 22:30:05.987607,35.48
24,2025-07-23 22:30:05.987607,15.37
24,2025-07-24 22:30:05.987607,91.66
24,2025-07-25 22:30:05.987607,17.67
24,2025-07-26 22:30:05.987607,91.99
24,2025-07-27 22:30:05.987607,82.41
24,2025-07-28 22:30:05.987607,70.18
24,2025-07-29 22:30:05.987607,93.19
24,2025-07-30 22:30:05.987607,92.05
25,2025-07-01 22:30:05.987802,77.41
25,2025-07-02 22:30:05.987802,37.92
25,2025-07-03 22:30:05.987802,76.16
25,2025-07-04 22:30:05.987802,6.25
25,2025-07-05 22:30:05.987802,53.29
25,2025-07-06 22:30:05.987802,45.93
25,2025-07-07 22:30:05.987802,65.55
25,2025-07-08 22:30:05.987802,65.51
25,2025-07-09 22:30:05.987802,57.61
25,2025-07-10 22:30:05.987802,79.02
25,2025-07-11 22:30:05.987802,89.63
25,2025-07-12 22:30:05.987802,14.75
25,2025-07-13 22:30:05.987802,26.04
25,2025-07-14 22:30:05.987802,7.25
25,2025-07-15 22:30:05.987802,84.58
25,2025-07-16 22:30:05.987802,55.53
25,2025-07-17 22:30:05.987802,87.37
25,2025-07-18 22:30:05.987802,24.92
25,2025-07-19 22:30:05.987802,10.69
25,2025-07-20 22:30:05.987802,79.15
25,2025-07-21 22:30:05.987802,86.84
25,2025-07-22 22:30:05.987802,32.2
25,2025-07-23 22:30:05.987802,41.75
25,2025-07-24 22:30:05.987802,17.58
25,2025-07-25 22:30:05.987802,90.16
25,2025-07-26 22:30:05.987802,32.39
25,2025-07-27 22:30:05.987802,49.34
25,2025-07-28 22:30:05.987802,13.75
25,2025-07-29 22:30:05.987802,84.85
25,2025-07-30 22:30:05.987802,17.21
26,2025-07-01 22:30:05.987992,45.83
26,2025-07-02 22:30:05.987992,65.34
26,2025-07-03 22:30:05.987992,71.88
26,2025-07-04 22:30:05.987992,90.14
26,2025-07-05 22:30:05.987992,42.72
26,2025-07-06 22:30:05.987992,71.8
26,2025-07-07 22:30:05.987992,18.91
26,2025-07-08 22:30:05.987992,42.34
26,2025-07-09 22:30:05.987992,13.91
26,2025-07-10 22:30:05.987992,49.04
26,2025-07-11 22:30:05.987992,41.73
26,2025-07-12 22:30:05.987992,90.64
26,2025-07-13 22:30:05.987992,7.94
26,2025-07-14 22:30:05.987992,38.35
26,2025-07-15 22:30:05.987992,44.9
26,2025-07-16 22:30:05.987992,90.55
26,2025-07-17 22:30:05.987992,81.99
26,2025-07-18 22:30:05.987992,13.94
26,2025-07-19 22:30:05.987992,66.71
26,2025-07-20 22:30:05.987992,54.0
26,2025-07-21 22:30:05.987992,93.01
26,2025-07-22 22:30:05.987992,37.28
26,2025-07-23 22:30:05.987992,40.83
26,2025-07-24 22:30:05.987992,22.08
26,2025-07-25 22:30:05.987992,15.99
26,2025-07-26 22:30:05.987992,81.32
26,2025-07-27 22:30:05.987992,45.92
26,2025-07-28 22:30:05.987992,64.65
26,2025-07-29 22:30:05.987992,62.75
26,2025-07-30 22:30:05.987992,58.74
27,2025-07-01 22:30:05.988182,6.92
27,2025-07-02 22:30:05.988182,75.81
27,2025-07-03 22:30:05.988182,26.92
27,2025-07-04 22:30:05.988182,16.33
27,2025-07-05 22:30:05.988182,55.81
27,2025-07-06 22:30:05.988182,11.17
27,2025-07-07 22:30:05.988182,73.86
27,2025-07-08 22:30:05.988182,23.64
27,2025-07-09 22:30:05.988182,24.44
27,2025-07-10 22:30:05.988182,83.27
27,2025-07-11 22:30:05.988182,34.57
27,2025-07-12 22:30:05.988182,18.28
27,2025-07-13 22:30:05.988182,86.05
27,2025-07-14 22:30:05.988182,5.26
27,2025-07-15 22:30:05.988182,82.26
27,2025-07-16 22:30:05.988182,18.02
27,2025-07-17 22:30:05.988182,16.7
27,2025-07-18 22:30:05.988182,27.56
27,2025-07-19 22:30:05.988182,20.7
27,2025-07-20 22:30:05.988182,64.5
27,2025-07-21 22:30:05.988182,7.32
27,2025-07-22 22:30:05.988182,6.34
27,2025-07-23 22:30:05.988182,76.1
27,2025-07-24 22:30:05.988182,26.41
27,2025-07-25 22:30:05.988182,34.14
27,2025-07-26 22:30:05.988182,20.68
27,2025-07-27 22:30:05.988182,9.72
27,2025-07-28 22:30:05.988182,71.75
27,2025-07-29 22:30:05.988182,52.35
27,2025-07-30 22:30:05.988182,72.11
28,2025-07-01 22:30:05.988411,47.86
28,2025-07-02 22:30:05.988411,75.02
28,2025-07-03 22:30:05.988411,51.19
28,2025-07-04 22:30:05.988411,14.81
28,2025-07-05 22:30:05.988411,50.35
28,2025-07-06 22:30:05.988411,90.09
28,2025-07-07 22:30:05.988411,8.9
28,2025-07-08 22:30:05.988411,75.49
28,2025-07-09 22:30:05.988411,83.03
28,2025-07-10 22:30:05.988411,51.93
28,2025-07-11 22:30:05.988411,46.22
28,2025-07-12 22:30:05.988411,91.76
28,2025-07-13 22:30:05.988411,10.47
28,2025-07-14 22:30:05.988411,48.11
28,2025-07-15 22:30:05.988411,41.15
28,2025-07-16 22:30:05.988411,66.75
28,2025-07-17 22:30:05.988411,49.12
28,2025-07-18 22:30:05.988411,86.87
28,2025-07-19 22:30:05.988411,11.61
28,2025-07-20 22:30:05.988411,12.27
28,2025-07-21 22:30:05.988411,59.75
28,2025-07-22 22:30:05.988411,10.91
28,2025-07-23 22:30:05.988411,29.75
28,2025-07-24 22:30:05.988411,61.98
28,2025-07-25 22:30:05.988411,54.35
28,2025-07-26 22:30:05.988411,34.27
28,2025-07-27 22:30:05.988411,94.52
28,2025-07-28 22:30:05.988411,52.75
28,2025-07-29 22:30:05.988411,45.83
28,2025-07-30 22:30:05.988411,59.49
29,2025-07-01 22:30:05.988610,13.93
29,2025-07-02 22:30:05.988610,68.16
29,2025-07-03 22:30:05.988610,81.75
29,2025-07-04 22:30:05.988610,63.58
29,2025-07-05 22:30:05.988610,74.21
29,2025-07-06 22:30:05.988610,69.88
29,2025-07-07 22:30:05.988610,24.35
29,2025-07-08 22:30:05.988610,45.64
29,2025-07-09 22:30:05.988610,25.56
29,2025-07-10 22:30:05.988610,35.5
29,2025-07-11 22:30:05.988610,45.81
29,2025-07-12 22:30:05.988610,42.44
29,2025-07-13 22:30:05.988610,13.56
29,2025-07-14 22:30:05.988610,43.41
29,2025-07-15 22:30:05.988610,64.86
29,2025-07-16 22:30:05.988610,38.69
29,2025-07-17 22:30:05.988610,18.74
29,2025-07-18 22:30:05.988610,88.07
29,2025-07-19 22:30:05.988610,11.04
29,2025-07-20 22:30:05.988610,79.86
29,2025-07-21 22:30:05.988610,13.39
29,2025-07-22 22:30:05.988610,13.69
29,2025-07-23 22:30:05.988610,71.49
29,2025-07-24 22:30:05.988610,78.06
29,2025-07-25 22:30:05.988610,55.07
29,2025-07-26 22:30:05.988610,57.78
29,2025-07-27 22:30:05.988610,55.54
29,2025-07-28 22:30:05.988610,34.67
29,2025-07-29 22:30:05.988610,16.0
29,2025-07-30 22:30:05.988610,36.82
30,2025-07-01 22:30:05.988803,64.88
30,2025-07-02 22:30:05.988803,72.53
30,2025-07-03 22:30:05.988803,83.13
30,2025-07-04 22:30:05.988803,69.9
30,2025-07-05 22:30:05.988803,92.16
30,2025-07-06 22:30:05.988803,59.04
30,2025-07-07 22:30:05.988803,36.65
30,2025-07-08 22:30:05.988803,57.01
30,2025-07-09 22:30:05.988803,24.15
30,2025-07-10 22:30:05.988803,64.11
30,2025-07-11 22:30:05.988803,25.18
30,2025-07-12 22:30:05.988803,14.74
30,2025-07-13 22:30:05.988803,81.08
30,2025-07-14 22:30:05.988803,38.08
30,2025-07-15 22:30:05.988803,73.63
30,2025-07-16 22:30:05.988803,56.67
30,2025-07-17 22:30:05.988803,77.65
30,2025-07-18 22:30:05.988803,81.06
30,2025-07-19 22:30:05.988803,92.71
30,2025-07-20 22:30:05.988803,78.66
30,2025-07-21 22:30:05.988803,60.22
30,2025-07-22 22:30:05.988803,62.84
30,2025-07-23 22:30:05.988803,7.36
30,2025-07-24 22:30:05.988803,88.62
30,2025-07-25 22:30:05.988803,79.65
30,2025-07-26 22:30:05.988803,29.07
30,2025-07-27 22:30:05.988803,21.24
30,2025-07-28 22:30:05.988803,68.24
30,2025-07-29 22:30:05.988803,32.81
30,2025-07-30 22:30:05.988803,35.58
31,2025-07-01 22:30:05.988993,5.55
31,2025-07-02 22:30:05.988993,83.29
31,2025-07-03 22:30:05.988993,55.97
31,2025-07-04 22:30:05.988993,41.07
31,2025-07-05 22:30:05.988993,17.77
31,2025-07-06 22:30:05.988993,61.99
31,2025-07-07 22:30:05.988993,7.76
31,2025-07-08 22:30:05.988993,72.15
31,2025-07-09 22:30:05.988993,24.36
31,2025-07-10 22:30:05.988993,42.78
31,2025-07-11 22:30:05.988993,35.68
31,2025-07-12 22:30:05.988993,38.3
31,2025-07-13 22:30:05.988993,69.94
31,2025-07-14 22:30:05.988993,74.92
31,2025-07-15 22:30:05.988993,56.08
31,2025-07-16 22:30:05.988993,12.65
31,2025-07-17 22:30:05.988993,9.73
31,2025-07-18 22:30:05.988993,19.17
31,2025-07-19 22:30:05.988993,60.61
31,2025-07-20 22:30:05.988993,65.66
31,2025-07-21 22:30:05.988993,29.49
31,2025-07-22 22:30:05.988993,64.57
31,2025-07-23 22:30:05.988993,48.71
31,2025-07-24 22:30:05.988993,44.78
31,2025-07-25 22:30:05.988993,29.59
31,2025-07-26 22:30:05.988993,72.94
31,2025-07-27 22:30:05.988993,15.24
31,2025-07-28 22:30:05.988993,43.69
31,2025-07-29 22:30:05.988993,30.49
31,2025-07-30 22:30:05.988993,66.06
32,2025-07-01 22:30:05.989201,48.8
32,2025-07-02 22:30:05.989201,65.04
32,2025-07-03 22:30:05.989201,9.09
32,2025-07-04 22:30:05.989201,40.57
32,2025-07-05 22:30:05.989201,58.94
32,2025-07-06 22:30:05.989201,5.69
32,2025-07-07 22:30:05.989201,32.13
32,2025-07-08 22:30:05.989201,24.01
32,2025-07-09 22:30:05.989201,17.35
32,2025-07-10 22:30:05.989201,28.0
32,2025-07-11 22:30:05.989201,34.53
32,2025-07-12 22:30:05.989201,5.7
32,2025-07-13 22:30:05.989201,72.23
32,2025-07-14 22:30:05.989201,20.81
32,2025-07-15 22:30:05.989201,39.22
32,2025-07-16 22:30:05.989201,68.33
32,2025-07-17 22:30:05.989201,50.02
32,2025-07-18 22:30:05.989201,80.0
32,2025-07-19 22:30:05.989201,77.56
32,2025-07-20 22:30:05.989201,11.49
32,2025-07-21 22:30:05.989201,82.56
32,2025-07-22 22:30:05.989201,8.81
32,2025-07-23 22:30:05.989201,6.69
32,2025-07-24 22:30:05.989201,87.9
32,2025-07-25 22:30:05.989201,82.59
32,2025-07-26 22:30:05.989201,56.82
32,2025-07-27 22:30:05.989201,56.61
32,2025-07-28 22:30:05.989201,68.85
32,2025-07-29 22:30:05.989201,42.59
32,2025-07-30 22:30:05.989201,15.37
33,2025-07-01 22:30:05.989416,6.88
33,2025-07-02 22:30:05.989416,34.23
33,2025-07-03 22:30:05.989416,77.12
33,2025-07-04 22:30:05.989416,60.63
33,2025-07-05 22:30:05.989416,79.88
33,2025-07-06 22:30:05.989416,87.78
33,2025-07-07 22:30:05.989416,12.93
33,2025-07-08 22:30:05.989416,81.0
33,2025-07-09 22:30:05.989416,26.9
33,2025-07-10 22:30:05.989416,58.0
33,2025-07-11 22:30:05.989416,52.16
33,2025-07-12 22:30:05.989416,40.62
33,2025-07-13 22:30:05.989416,32.92
33,2025-07-14 22:30:05.989416,35.56
33,2025-07-15 22:30:05.989416,34.98
33,2025-07-16 22:30:05.989416,20.13
33,2025-07-17 22:30:05.989416,50.94
33,2025-07-18 22:30:05.989416,15.26
33,2025-07-19 22:30:05.989416,50.9
33,2025-07-20 22:30:05.989416,86.53
33,2025-07-21 22:30:05.989416,36.44
33,2025-07-22 22:30:05.989416,70.46
33,2025-07-23 22:30:05.989416,78.71
33,2025-07-24 22:30:05.989416,78.35
33,2025-07-25 22:30:05.989416,26.26
33,2025-07-26 22:30:05.989416,18.18
33,2025-07-27 22:30:05.989416,22.75
33,2025-07-28 22:30:05.989416,59.22
33,2025-07-29 22:30:05.989416,73.42
33,2025-07-30 22:30:05.989416,64.0
34,2025-07-01 22:30:05.989613,20.94
34,2025-07-02 22:30:05.989613,74.56
34,2025-07-03 22:30:05.989613,49.47
34,2025-07-04 22:30:05.989613,72.9
34,2025-07-05 22:30:05.989613,73.39
34,2025-07-06 22:30:05.989613,45.4
34,2025-07-07 22:30:05.989613,88.17
34,2025-07-08 22:30:05.989613,55.8
34,2025-07-09 22:30:05.989613,62.18
34,2025-07-10 22:30:05.989613,61.21
34,2025-07-11 22:30:05.989613,82.78
34,2025-07-12 22:30:05.989613,61.45
34,2025-07-13 22:30:05.989613,18.59
34,2025-07-14 22:30:05.989613,11.15
34,2025-07-15 22:30:05.989613,44.8
34,2025-07-16 22:30:05.989613,32.25
34,2025-07-17 22:30:05.989613,29.72
34,2025-07-18 22:30:05.989613,10.06
34,2025-07-19 22:30:05.989613,50.66
34,2025-07-20 22:30:05.989613,32.94
34,2025-07-21 22:30:05.989613,45.67
34,2025-07-22 22:30:05.989613,10.12
34,2025-07-23 22:30:05.989613,79.85
34,2025-07-24 22:30:05.989613,11.91
34,2025-07-25 22:30:05.989613,82.78
34,2025-07-26 22:30:05.989613,81.98
34,2025-07-27 22:30:05.989613,60.35
34,2025-07-28 22:30:05.989613,50.64
34,2025-07-29 22:30:05.989613,46.64
34,2025-07-30 22:30:05.989613,54.89
35,2025-07-01 22:30:05.989810,76.26
35,2025-07-02 22:30:05.989810,85.63
35,2025-07-03 22:30:05.989810,45.48
35,2025-07-04 22:30:05.989810,77.88
35,2025-07-05 22:30:05.989810,63.67
35,2025-07-06 22:30:05.989810,33.94
35,2025-07-07 22:30:05.989810,47.81
35,2025-07-08 22:30:05.989810,18.58
35,2025-07-09 22:30:05.989810,10.57
35,2025-07-10 22:30:05.989810,14.32
35,2025-07-11 22:30:05.989810,85.92
35,2025-07-12 22:30:05.989810,35.91
35,2025-07-13 22:30:05.989810,69.29
35,2025-07-14 22:30:05.989810,50.41
35,2025-07-15 22:30:05.989810,20.53
35,2025-07-16 22:30:05.989810,27.3
35,2025-07-17 22:30:05.989810,44.4
35,2025-07-18 22:30:05.989810,44.55
35,2025-07-19 22:30:05.989810,52.05
35,2025-07-20 22:30:05.989810,19.29
35,2025-07-21 22:30:05.989810,38.56
35,2025-07-22 22:30:05.989810,30.46
35,2025-07-23 22:30:05.989810,41.79
35,2025-07-24 22:30:05.989810,35.45
35,2025-07-25 22:30:05.989810,58.81
35,2025-07-26 22:30:05.989810,76.03
35,2025-07-27 22:30:05.989810,63.26
35,2025-07-28 22:30:05.989810,10.93
35,2025-07-29 22:30:05.989810,13.51
35,2025-07-30 22:30:05.989810,66.05
36,2025-07-01 22:30:05.990002,30.57
36,2025-07-02 22:30:05.990002,70.14
36,2025-07-03 22:30:05.990002,64.09
36,2025-07-04 22:30:05.990002,86.57
36,2025-07-05 22:30:05.990002,83.6
36,2025-07-06 22:30:05.990002,35.0
36,2025-07-07 22:30:05.990002,57.45
36,2025-07-08 22:30:05.990002,17.73
36,2025-07-09 22:30:05.990002,36.48
36,2025-07-10 22:30:05.990002,92.09
36,2025-07-11 22:30:05.990002,67.86
36,2025-07-12 22:30:05.990002,40.28
36,2025-07-13 22:30:05.990002,58.55
36,2025-07-14 22:30:05.990002,89.42
36,2025-07-15 22:30:05.990002,32.86
36,2025-07-16 22:30:05.990002,38.9
36,2025-07-17 22:30:05.990002,76.25
36,2025-07-18 22:30:05.990002,78.19
36,2025-07-19 22:30:05.990002,65.31
36,2025-07-20 22:30:05.990002,79.61
36,2025-07-21 22:30:05.990002,71.49
36,2025-07-22 22:30:05.990002,66.69
36,2025-07-23 22:30:05.990002,52.38
36,2025-07-24 22:30:05.990002,63.14
36,2025-07-25 22:30:05.990002,43.11
36,2025-07-26 22:30:05.990002,37.56
36,2025-07-27 22:30:05.990002,37.63
36,2025-07-28 22:30:05.990002,21.22
36,2025-07-29 22:30:05.990002,24.28
36,2025-07-30 22:30:05.990002,90.29
37,2025-07-01 22:30:05.990191,48.76
37,2025-07-02 22:30:05.990191,25.39
37,2025-07-03 22:30:05.990191,17.38
37,2025-07-04 22:30:05.990191,11.94
37,2025-07-05 22:30:05.990191,81.0
37,2025-07-06 22:30:05.990191,14.1
37,2025-07-07 22:30:05.990191,74.38
37,2025-07-08 22:30:05.990191,80.16
37,2025-07-09 22:30:05.990191,84.53
37,2025-07-10 22:30:05.990191,8.4
37,2025-07-11 22:30:05.990191,35.31
37,2025-07-12 22:30:05.990191,73.97
37,2025-07-13 22:30:05.990191,16.79
37,2025-07-14 22:30:05.990191,38.9
37,2025-07-15 22:30:05.990191,19.6
37,2025-07-16 22:30:05.990191,79.82
37,2025-07-17 22:30:05.990191,74.4
37,2025-07-18 22:30:05.990191,77.81
37,2025-07-19 22:30:05.990191,19.9
37,2025-07-20 22:30:05.990191,44.39
37,2025-07-21 22:30:05.990191,41.98
37,2025-07-22 22:30:05.990191,65.87
37,2025-07-23 22:30:05.990191,26.38
37,2025-07-24 22:30:05.990191,44.98
37,2025-07-25 22:30:05.990191,30.64
37,2025-07-26 22:30:05.990191,72.37
37,2025-07-27 22:30:05.990191,45.4
37,2025-07-28 22:30:05.990191,53.06
37,2025-07-29 22:30:05.990191,32.85
37,2025-07-30 22:30:05.990191,77.78
38,2025-07-01 22:30:05.990419,47.21
38,2025-07-02 22:30:05.990419,80.16
38,2025-07-03 22:30:05.990419,38.11
38,2025-07-04 22:30:05.990419,90.24
38,2025-07-05 22:30:05.990419,93.6
38,2025-07-06 22:30:05.990419,46.55
38,2025-07-07 22:30:05.990419,30.36
38,2025-07-08 22:30:05.990419,39.37
38,2025-07-09 22:30:05.990419,52.47
38,2025-07-10 22:30:05.990419,91.96
38,2025-07-11 22:30:05.990419,78.52
38,2025-07-12 22:30:05.990419,77.11
38,2025-07-13 22:30:05.990419,17.46
38,2025-07-14 22:30:05.990419,27.5
38,2025-07-15 22:30:05.990419,62.71
38,2025-07-16 22:30:05.990419,83.67
38,2025-07-17 22:30:05.990419,54.91
38,2025-07-18 22:30:05.990419,14.23
38,2025-07-19 22:30:05.990419,81.13
38,2025-07-20 22:30:05.990419,81.6
38,2025-07-21 22:30:05.990419,30.66
38,2025-07-22 22:30:05.990419,73.68
38,2025-07-23 22:30:05.990419,29.55
38,2025-07-24 22:30:05.990419,86.48
38,2025-07-25 22:30:05.990419,18.26
38,2025-07-26 22:30:05.990419,44.37
38,2025-07-27 22:30:05.990419,90.18
38,2025-07-28 22:30:05.990419,24.98
38,2025-07-29 22:30:05.990419,45.6
38,2025-07-30 22:30:05.990419,36.46
39,2025-07-01 22:30:05.990614,7.4
39,2025-07-02 22:30:05.990614,9.79
39,2025-07-03 22:30:05.990614,50.18
39,2025-07-04 22:30:05.990614,26.22
39,2025-07-05 22:30:05.990614,94.51
39,2025-07-06 22:30:05.990614,38.74
39,2025-07-07 22:30:05.990614,7.54
39,2025-07-08 22:30:05.990614,88.77
39,2025-07-09 22:30:05.990614,80.53
39,2025-07-10 22:30:05.990614,63.5
39,2025-07-11 22:30:05.990614,76.22
39,2025-07-12 22:30:05.990614,17.38
39,2025-07-13 22:30:05.990614,30.82
39,2025-07-14 22:30:05.990614,79.68
39,2025-07-15 22:30:05.990614,67.65
39,2025-07-16 22:30:05.990614,17.49
39,2025-07-17 22:30:05.990614,68.5
39,2025-07-18 22:30:05.990614,45.37
39,2025-07-19 22:30:05.990614,5.47
39,2025-07-20 22:30:05.990614,12.13
39,2025-07-21 22:30:05.990614,28.03
39,2025-07-22 22:30:05.990614,80.15
39,2025-07-23 22:30:05.990614,54.39
39,2025-07-24 22:30:05.990614,70.45
39,2025-07-25 22:30:05.990614,52.5
39,2025-07-26 22:30:05.990614,15.01
39,2025-07-27 22:30:05.990614,30.93
39,2025-07-28 22:30:05.990614,32.1
39,2025-07-29 22:30:05.990614,9.3
39,2025-07-30 22:30:05.990614,42.78
40,2025-07-01 22:30:05.990806,76.45
40,2025-07-02 22:30:05.990806,46.14
40,2025-07-03 22:30:05.990806,14.98
40,2025-07-04 22:30:05.990806,86.46
40,2025-07-05 22:30:05.990806,58.71
40,2025-07-06 22:30:05.990806,6.48
40,2025-07-07 22:30:05.990806,51.38
40,2025-07-08 22:30:05.990806,26.77
40,2025-07-09 22:30:05.990806,17.92
40,2025-07-10 22:30:05.990806,43.63
40,2025-07-11 22:30:05.990806,60.33
40,2025-07-12 22:30:05.990806,26.65
40,2025-07-13 22:30:05.990806,42.49
40,2025-07-14 22:30:05.990806,64.79
40,2025-07-15 22:30:05.990806,12.71
40,2025-07-16 22:30:05.990806,92.72
40,2025-07-17 22:30:05.990806,11.09
40,2025-07-18 22:30:05.990806,52.35
40,2025-07-19 22:30:05.990806,50.66
40,2025-07-20 22:30:05.990806,93.95
40,2025-07-21 22:30:05.990806,54.87
40,2025-07-22 22:30:05.990806,40.14
40,2025-07-23 22:30:05.990806,47.31
40,2025-07-24 22:30:05.990806,62.21
40,2025-07-25 22:30:05.990806,93.29
40,2025-07-26 22:30:05.990806,27.83
40,2025-07-27 22:30:05.990806,6.46
40,2025-07-28 22:30:05.990806,75.97
40,2025-07-29 22:30:05.990806,36.03
40,2025-07-30 22:30:05.990806,70.96
41,2025-07-01 22:30:05.990995,61.54
41,2025-07-02 22:30:05.990995,74.44
41,2025-07-03 22:30:05.990995,71.17
41,2025-07-04 22:30:05.990995,34.93
41,2025-07-05 22:30:05.990995,8.99
41,2025-07-06 22:30:05.990995,54.14
41,2025-07-07 22:30:05.990995,78.22
41,2025-07-08 22:30:05.990995,20.76
41,2025-07-09 22:30:05.990995,75.12
41,2025-07-10 22:30:05.990995,46.82
41,2025-07-11 22:30:05.990995,67.59
41,2025-07-12 22:30:05.990995,61.86
41,2025-07-13 22:30:05.990995,78.03
41,2025-07-14 22:30:05.990995,10.68
41,2025-07-15 22:30:05.990995,74.86
41,2025-07-16 22:30:05.990995,46.19
41,2025-07-17 22:30:05.990995,31.41
41,2025-07-18 22:30:05.990995,8.94
41,2025-07-19 22:30:05.990995,22.95
41,2025-07-20 22:30:05.990995,8.77
41,2025-07-21 22:30:05.990995,89.0
41,2025-07-22 22:30:05.990995,51.38
41,2025-07-23 22:30:05.990995,94.02
41,2025-07-24 22:30:05.990995,53.87
41,2025-07-25 22:30:05.990995,27.8
41,2025-07-26 22:30:05.990995,72.8
41,2025-07-27 22:30:05.990995,22.2
41,2025-07-28 22:30:05.990995,37.13
41,2025-07-29 22:30:05.990995,75.28
41,2025-07-30 22:30:05.990995,82.92
42,2025-07-01 22:30:05.991187,34.87
42,2025-07-02 22:30:05.991187,16.2
42,2025-07-03 22:30:05.991187,38.12
42,2025-07-04 22:30:05.991187,85.05
42,2025-07-05 22:30:05.991187,71.9
42,2025-07-06 22:30:05.991187,85.52
42,2025-07-07 22:30:05.991187,39.8
42,2025-07-08 22:30:05.991187,92.64
42,2025-07-09 22:30:05.991187,49.66
42,2025-07-10 22:30:05.991187,49.78
42,2025-07-11 22:30:05.991187,88.19
42,2025-07-12 22:30:05.991187,51.73
42,2025-07-13 22:30:05.991187,77.1
42,2025-07-14 22:30:05.991187,70.44
42,2025-07-15 22:30:05.991187,12.1
42,2025-07-16 22:30:05.991187,59.22
42,2025-07-17 22:30:05.991187,79.01
42,2025-07-18 22:30:05.991187,54.09
42,2025-07-19 22:30:05.991187,33.91
42,2025-07-20 22:30:05.991187,12.21
42,2025-07-21 22:30:05.991187,64.48
42,2025-07-22 22:30:05.991187,32.58
42,2025-07-23 22:30:05.991187,59.24
42,2025-07-24 22:30:05.991187,43.35
42,2025-07-25 22:30:05.991187,67.08
42,2025-07-26 22:30:05.991187,36.64
42,2025-07-27 22:30:05.991187,8.81
42,2025-07-28 22:30:05.991187,83.3
42,2025-07-29 22:30:05.991187,36.73
42,2025-07-30 22:30:05.991187,94.83
43,2025-07-01 22:30:05.991436,29.71
43,2025-07-02 22:30:05.991436,93.2
43,2025-07-03 22:30:05.991436,90.31
43,2025-07-04 22:30:05.991436,11.75
43,2025-07-05 22:30:05.991436,62.38
43,2025-07-06 22:30:05.991436,37.7
43,2025-07-07 22:30:05.991436,77.1
43,2025-07-08 22:30:05.991436,66.15
43,2025-07-09 22:30:05.991436,90.75
43,2025-07-10 22:30:05.991436,17.85
43,2025-07-11 22:30:05.991436,59.68
43,2025-07-12 22:30:05.991436,75.32
43,2025-07-13 22:30:05.991436,8.13
43,2025-07-14 22:30:05.991436,11.05
43,2025-07-15 22:30:05.991436,75.07
43,2025-07-16 22:30:05.991436,37.97
43,2025-07-17 22:30:05.991436,39.46
43,2025-07-18 22:30:05.991436,56.05
43,2025-07-19 22:30:05.991436,59.46
43,2025-07-20 22:30:05.991436,66.12
43,2025-07-21 22:30:05.991436,90.39
43,2025-07-22 22:30:05.991436,38.48
43,2025-07-23 22:30:05.991436,73.68
43,2025-07-24 22:30:05.991436,56.65
43,2025-07-25 22:30:05.991436,52.65
43,2025-07-26 22:30:05.991436,40.82
43,2025-07-27 22:30:05.991436,63.46
43,2025-07-28 22:30:05.991436,27.47
43,2025-07-29 22:30:05.991436,15.21
43,2025-07-30 22:30:05.991436,71.21
44,2025-07-01 22:30:05.991619,49.91
44,2025-07-02 22:30:05.991619,39.83
44,2025-07-03 22:30:05.991619,55.55
44,2025-07-04 22:30:05.991619,28.56
44,2025-07-05 22:30:05.991619,28.43
44,2025-07-06 22:30:05.991619,45.16
44,2025-07-07 22:30:05.991619,94.67
44,2025-07-08 22:30:05.991619,30.7
44,2025-07-09 22:30:05.991619,87.48
44,2025-07-10 22:30:05.991619,49.21
44,2025-07-11 22:30:05.991619,16.04
44,2025-07-12 22:30:05.991619,81.75
44,2025-07-13 22:30:05.991619,45.68
44,2025-07-14 22:30:05.991619,85.88
44,2025-07-15 22:30:05.991619,45.06
44,2025-07-16 22:30:05.991619,12.9
44,2025-07-17 22:30:05.991619,66.37
44,2025-07-18 22:30:05.991619,81.1
44,2025-07-19 22:30:05.991619,33.76
44,2025-07-20 22:30:05.991619,36.27
44,2025-07-21 22:30:05.991619,10.84
44,2025-07-22 22:30:05.991619,53.8
44,2025-07-23 22:30:05.991619,85.22
44,2025-07-24 22:30:05.991619,81.62
44,2025-07-25 22:30:05.991619,69.06
44,2025-07-26 22:30:05.991619,88.46
44,2025-07-27 22:30:05.991619,62.39
44,2025-07-28 22:30:05.991619,76.43
44,2025-07-29 22:30:05.991619,50.79
44,2025-07-30 22:30:05.991619,15.92
45,2025-07-01 22:30:05.991797,23.09
45,2025-07-02 22:30:05.991797,17.5
45,2025-07-03 22:30:05.991797,76.13
45,2025-07-04 22:30:05.991797,7.37
45,2025-07-05 22:30:05.991797,54.86
45,2025-07-06 22:30:05.991797,38.2
45,2025-07-07 22:30:05.991797,77.33
45,2025-07-08 22:30:05.991797,54.65
45,2025-07-09 22:30:05.991797,60.08
45,2025-07-10 22:30:05.991797,12.76
45,2025-07-11 22:30:05.991797,32.84
45,2025-07-12 22:30:05.991797,94.96
45,2025-07-13 22:30:05.991797,69.7
45,2025-07-14 22:30:05.991797,52.31
45,2025-07-15 22:30:05.991797,74.22
45,2025-07-16 22:30:05.991797,79.1
45,2025-07-17 22:30:05.991797,11.64
45,2025-07-18 22:30:05.991797,92.51
45,2025-07-19 22:30:05.991797,62.81
45,2025-07-20 22:30:05.991797,45.5
45,2025-07-21 22:30:05.991797,66.21
45,2025-07-22 22:30:05.991797,36.01
45,2025-07-23 22:30:05.991797,84.02
45,2025-07-24 22:30:05.991797,75.22
45,2025-07-25 22:30:05.991797,62.58
45,2025-07-26 22:30:05.991797,21.38
45,2025-07-27 22:30:05.991797,91.96
45,2025-07-28 22:30:05.991797,43.94
45,2025-07-29 22:30:05.991797,86.96
45,2025-07-30 22:30:05.991797,9.99
46,2025-07-01 22:30:05.991976,16.17
46,2025-07-02 22:30:05.991976,18.77
46,2025-07-03 22:30:05.991976,19.82
46,2025-07-04 22:30:05.991976,34.04
46,2025-07-05 22:30:05.991976,68.84
46,2025-07-06 22:30:05.991976,36.14
46,2025-07-07 22:30:05.991976,89.68
46,2025-07-08 22:30:05.991976,85.54
46,2025-07-09 22:30:05.991976,81.13
46,2025-07-10 22:30:05.991976,27.55
46,2025-07-11 22:30:05.991976,62.16
46,2025-07-12 22:30:05.991976,54.58
46,2025-07-13 22:30:05.991976,16.27
46,2025-07-14 22:30:05.991976,32.25
46,2025-07-15 22:30:05.991976,53.01
46,2025-07-16 22:30:05.991976,50.23
46,2025-07-17 22:30:05.991976,20.18
46,2025-07-18 22:30:05.991976,89.74
46,2025-07-19 22:30:05.991976,18.88
46,2025-07-20 22:30:05.991976,64.29
46,2025-07-21 22:30:05.991976,69.86
46,2025-07-22 22:30:05.991976,59.46
46,2025-07-23 22:30:05.991976,80.83
46,2025-07-24 22:30:05.991976,55.73
46,2025-07-25 22:30:05.991976,79.27
46,2025-07-26 22:30:05.991976,7.55
46,2025-07-27 22:30:05.991976,9.09
46,2025-07-28 22:30:05.991976,62.73
46,2025-07-29 22:30:05.991976,56.91
46,2025-07-30 22:30:05.991976,63.6
47,2025-07-01 22:30:05.992165,74.03
47,2025-07-02 22:30:05.992165,42.49
47,2025-07-03 22:30:05.992165,62.51
47,2025-07-04 22:30:05.992165,49.82
47,2025-07-05 22:30:05.992165,61.44
47,2025-07-06 22:30:05.992165,31.07
47,2025-07-07 22:30:05.992165,91.1
47,2025-07-08 22:30:05.992165,48.47
47,2025-07-09 22:30:05.992165,77.42
47,2025-07-10 22:30:05.992165,66.65
47,2025-07-11 22:30:05.992165,31.77
47,2025-07-12 22:30:05.992165,11.57
47,2025-07-13 22:30:05.992165,10.39
47,2025-07-14 22:30:05.992165,44.56
47,2025-07-15 22:30:05.992165,48.58
47,2025-07-16 22:30:05.992165,23.36
47,2025-07-17 22:30:05.992165,59.6
47,2025-07-18 22:30:05.992165,33.13
47,2025-07-19 22:30:05.992165,69.65
47,2025-07-20 22:30:05.992165,71.08
47,2025-07-21 22:30:05.992165,82.47
47,2025-07-22 22:30:05.992165,92.78
47,2025-07-23 22:30:05.992165,16.77
47,2025-07-24 22:30:05.992165,38.35
47,2025-07-25 22:30:05.992165,55.55
47,2025-07-26 22:30:05.992165,33.72
47,2025-07-27 22:30:05.992165,46.98
47,2025-07-28 22:30:05.992165,29.07
47,2025-07-29 22:30:05.992165,27.31
47,2025-07-30 22:30:05.992165,13.71
48,2025-07-01 22:30:05.992406,31.12
48,2025-07-02 22:30:05.992406,39.57
48,2025-07-03 22:30:05.992406,60.38
48,2025-07-04 22:30:05.992406,27.34
48,2025-07-05 22:30:05.992406,82.88
48,2025-07-06 22:30:05.992406,19.37
48,2025-07-07 22:30:05.992406,34.47
48,2025-07-08 22:30:05.992406,56.99
48,2025-07-09 22:30:05.992406,33.14
48,2025-07-10 22:30:05.992406,73.68
48,2025-07-11 22:30:05.992406,49.84
48,2025-07-12 22:30:05.992406,51.33
48,2025-07-13 22:30:05.992406,49.89
48,2025-07-14 22:30:05.992406,32.77
48,2025-07-15 22:30:05.992406,7.09
48,2025-07-16 22:30:05.992406,90.07
48,2025-07-17 22:30:05.992406,50.49
48,2025-07-18 22:30:05.992406,92.0
48,2025-07-19 22:30:05.992406,24.36
48,2025-07-20 22:30:05.992406,36.76
48,2025-07-21 22:30:05.992406,9.55
48,2025-07-22 22:30:05.992406,49.54
48,2025-07-23 22:30:05.992406,84.41
48,2025-07-24 22:30:05.992406,63.88
48,2025-07-25 22:30:05.992406,47.35
48,2025-07-26 22:30:05.992406,53.3
48,2025-07-27 22:30:05.992406,81.25
48,2025-07-28 22:30:05.992406,43.78
48,2025-07-29 22:30:05.992406,84.42
48,2025-07-30 22:30:05.992406,70.48
49,2025-07-01 22:30:05.992606,73.75
49,2025-07-02 22:30:05.992606,37.93
49,2025-07-03 22:30:05.992606,41.05
49,2025-07-04 22:30:05.992606,56.33
49,2025-07-05 22:30:05.992606,22.52
49,2025-07-06 22:30:05.992606,54.79
49,2025-07-07 22:30:05.992606,11.62
49,2025-07-08 22:30:05.992606,50.38
49,2025-07-09 22:30:05.992606,73.8
49,2025-07-10 22:30:05.992606,30.17
49,2025-07-11 22:30:05.992606,94.02
49,2025-07-12 22:30:05.992606,66.24
49,2025-07-13 22:30:05.992606,15.69
49,2025-07-14 22:30:05.992606,92.76
49,2025-07-15 22:30:05.992606,40.45
49,2025-07-16 22:30:05.992606,76.54
49,2025-07-17 22:30:05.992606,35.52
49,2025-07-18 22:30:05.992606,89.51
49,2025-07-19 22:30:05.992606,72.95
49,2025-07-20 22:30:05.992606,22.92
49,2025-07-21 22:30:05.992606,50.82
49,2025-07-22 22:30:05.992606,50.01
49,2025-07-23 22:30:05.992606,9.08
49,2025-07-24 22:30:05.992606,17.33
49,2025-07-25 22:30:05.992606,34.97
49,2025-07-26 22:30:05.992606,47.64
49,2025-07-27 22:30:05.992606,46.13
49,2025-07-28 22:30:05.992606,59.56
49,2025-07-29 22:30:05.992606,51.4
49,2025-07-30 22:30:05.992606,34.52
50,2025-07-01 22:30:05.992798,60.18
50,2025-07-02 22:30:05.992798,19.63
50,2025-07-03 22:30:05.992798,94.16
50,2025-07-04 22:30:05.992798,71.54
50,2025-07-05 22:30:05.992798,31.93
50,2025-07-06 22:30:05.992798,35.27
50,2025-07-07 22:30:05.992798,79.55
50,2025-07-08 22:30:05.992798,52.91
50,2025-07-09 22:30:05.992798,68.79
50,2025-07-10 22:30:05.992798,31.98
50,2025-07-11 22:30:05.992798,78.42
50,2025-07-12 22:30:05.992798,38.15
50,2025-07-13 22:30:05.992798,65.64
50,2025-07-14 22:30:05.992798,93.19
50,2025-07-15 22:30:05.992798,57.53
50,2025-07-16 22:30:05.992798,76.71
50,2025-07-17 22:30:05.992798,70.28
50,2025-07-18 22:30:05.992798,66.92
50,2025-07-19 22:30:05.992798,7.4
50,2025-07-20 22:30:05.992798,47.71
50,2025-07-21 22:30:05.992798,92.04
50,2025-07-22 22:30:05.992798,75.46
50,2025-07-23 22:30:05.992798,74.85
50,2025-07-24 22:30:05.992798,56.99
50,2025-07-25 22:30:05.992798,69.93
50,2025-07-26 22:30:05.992798,57.52
50,2025-07-27 22:30:05.992798,20.35
50,2025-07-28 22:30:05.992798,61.61
50,2025-07-29 22:30:05.992798,60.78
50,2025-07-30 22:30:05.992798,80.71
51,2025-07-01 22:30:05.992986,18.3
51,2025-07-02 22:30:05.992986,66.27
51,2025-07-03 22:30:05.992986,7.84
51,2025-07-04 22:30:05.992986,90.34
51,2025-07-05 22:30:05.992986,14.89
51,2025-07-06 22:30:05.992986,6.7
51,2025-07-07 22:30:05.992986,33.23
51,2025-07-08 22:30:05.992986,18.63
51,2025-07-09 22:30:05.992986,67.15
51,2025-07-10 22:30:05.992986,41.93
51,2025-07-11 22:30:05.992986,74.75
51,2025-07-12 22:30:05.992986,87.85
51,2025-07-13 22:30:05.992986,83.55
51,2025-07-14 22:30:05.992986,71.23
51,2025-07-15 22:30:05.992986,10.61
51,2025-07-16 22:30:05.992986,17.43
51,2025-07-17 22:30:05.992986,23.66
51,2025-07-18 22:30:05.992986,34.25
51,2025-07-19 22:30:05.992986,64.6
51,2025-07-20 22:30:05.992986,52.29
51,2025-07-21 22:30:05.992986,33.24
51,2025-07-22 22:30:05.992986,20.59
51,2025-07-23 22:30:05.992986,87.09
51,2025-07-24 22:30:05.992986,35.81
51,2025-07-25 22:30:05.992986,36.89
51,2025-07-26 22:30:05.992986,74.48
51,2025-07-27 22:30:05.992986,69.88
51,2025-07-28 22:30:05.992986,62.9
51,2025-07-29 22:30:05.992986,67.4
51,2025-07-30 22:30:05.992986,59.91
52,2025-07-01 22:30:05.993183,22.3
52,2025-07-02 22:30:05.993183,27.19
52,2025-07-03 22:30:05.993183,55.23
52,2025-07-04 22:30:05.993183,25.24
52,2025-07-05 22:30:05.993183,92.56
52,2025-07-06 22:30:05.993183,31.79
52,2025-07-07 22:30:05.993183,31.01
52,2025-07-08 22:30:05.993183,23.66
52,2025-07-09 22:30:05.993183,68.45
52,2025-07-10 22:30:05.993183,33.53
52,2025-07-11 22:30:05.993183,36.39
52,2025-07-12 22:30:05.993183,89.03
52,2025-07-13 22:30:05.993183,76.59
52,2025-07-14 22:30:05.993183,29.61
52,2025-07-15 22:30:05.993183,15.97
52,2025-07-16 22:30:05.993183,65.9
52,2025-07-17 22:30:05.993183,39.17
52,2025-07-18 22:30:05.993183,93.21
52,2025-07-19 22:30:05.993183,78.65
52,2025-07-20 22:30:05.993183,90.91
52,2025-07-21 22:30:05.993183,77.42
52,2025-07-22 22:30:05.993183,31.14
52,2025-07-23 22:30:05.993183,30.89
52,2025-07-24 22:30:05.993183,69.27
52,2025-07-25 22:30:05.993183,36.17
52,2025-07-26 22:30:05.993183,44.81
52,2025-07-27 22:30:05.993183,28.08
52,2025-07-28 22:30:05.993183,48.12
52,2025-07-29 22:30:05.993183,23.19
52,2025-07-30 22:30:05.993183,53.47
53,2025-07-01 22:30:05.993410,88.97
53,2025-07-02 22:30:05.993410,67.66
53,2025-07-03 22:30:05.993410,17.35
53,2025-07-04 22:30:05.993410,60.41
53,2025-07-05 22:30:05.993410,57.81
53,2025-07-06 22:30:05.993410,26.82
53,2025-07-07 22:30:05.993410,65.29
53,2025-07-08 22:30:05.993410,52.79
53,2025-07-09 22:30:05.993410,62.42
53,2025-07-10 22:30:05.993410,9.72
53,2025-07-11 22:30:05.993410,42.2
53,2025-07-12 22:30:05.993410,69.56
53,2025-07-13 22:30:05.993410,14.05
53,2025-07-14 22:30:05.993410,74.37
53,2025-07-15 22:30:05.993410,5.47
53,2025-07-16 22:30:05.993410,54.53
53,2025-07-17 22:30:05.993410,88.62
53,2025-07-18 22:30:05.993410,41.62
53,2025-07-19 22:30:05.993410,89.15
53,2025-07-20 22:30:05.993410,84.06
53,2025-07-21 22:30:05.993410,47.97
53,2025-07-22 22:30:05.993410,22.95
53,2025-07-23 22:30:05.993410,91.75
53,2025-07-24 22:30:05.993410,33.91
53,2025-07-25 22:30:05.993410,63.13
53,2025-07-26 22:30:05.993410,86.71
53,2025-07-27 22:30:05.993410,13.05
53,2025-07-28 22:30:05.993410,56.67
53,2025-07-29 22:30:05.993410,53.16
53,2025-07-30 22:30:05.993410,70.08
54,2025-07-01 22:30:05.993613,89.3
54,2025-07-02 22:30:05.993613,87.19
54,2025-07-03 22:30:05.993613,20.76
54,2025-07-04 22:30:05.993613,84.4
54,2025-07-05 22:30:05.993613,20.82
54,2025-07-06 22:30:05.993613,87.77
54,2025-07-07 22:30:05.993613,94.75
54,2025-07-08 22:30:05.993613,40.73
54,2025-07-09 22:30:05.993613,49.58
54,2025-07-10 22:30:05.993613,89.29
54,2025-07-11 22:30:05.993613,91.59
54,2025-07-12 22:30:05.993613,88.34
54,2025-07-13 22:30:05.993613,83.91
54,2025-07-14 22:30:05.993613,5.83
54,2025-07-15 22:30:05.993613,56.12
54,2025-07-16 22:30:05.993613,14.66
54,2025-07-17 22:30:05.993613,93.47
54,2025-07-18 22:30:05.993613,30.61
54,2025-07-19 22:30:05.993613,94.02
54,2025-07-20 22:30:05.993613,53.9
54,2025-07-21 22:30:05.993613,49.45
54,2025-07-22 22:30:05.993613,89.47
54,2025-07-23 22:30:05.993613,81.6
54,2025-07-24 22:30:05.993613,47.12
54,2025-07-25 22:30:05.993613,22.35
54,2025-07-26 22:30:05.993613,15.14
54,2025-07-27 22:30:05.993613,19.62
54,2025-07-28 22:30:05.993613,46.3
54,2025-07-29 22:30:05.993613,28.15
54,2025-07-30 22:30:05.993613,21.76
55,2025-07-01 22:30:05.993832,71.3
55,2025-07-02 22:30:05.993832,76.17
55,2025-07-03 22:30:05.993832,56.1
55,2025-07-04 22:30:05.993832,73.16
55,2025-07-05 22:30:05.993832,20.79
55,2025-07-06 22:30:05.993832,82.05
55,2025-07-07 22:30:05.993832,85.73
55,2025-07-08 22:30:05.993832,79.43
55,2025-07-09 22:30:05.993832,51.38
55,2025-07-10 22:30:05.993832,12.81
55,2025-07-11 22:30:05.993832,65.23
55,2025-07-12 22:30:05.993832,21.63
55,2025-07-13 22:30:05.993832,17.66
55,2025-07-14 22:30:05.993832,34.12
55,2025-07-15 22:30:05.993832,27.32
55,2025-07-16 22:30:05.993832,28.47
55,2025-07-17 22:30:05.993832,26.2
55,2025-07-18 22:30:05.993832,72.84
55,2025-07-19 22:30:05.993832,90.86
55,2025-07-20 22:30:05.993832,32.18
55,2025-07-21 22:30:05.993832,70.06
55,2025-07-22 22:30:05.993832,6.03
55,2025-07-23 22:30:05.993832,63.83
55,2025-07-24 22:30:05.993832,67.35
55,2025-07-25 22:30:05.993832,10.59
55,2025-07-26 22:30:05.993832,15.64
55,2025-07-27 22:30:05.993832,32.61
55,2025-07-28 22:30:05.993832,41.49
55,2025-07-29 22:30:05.993832,50.23
55,2025-07-30 22:30:05.993832,85.56
56,2025-07-01 22:30:05.994026,68.32
56,2025-07-02 22:30:05.994026,32.99
56,2025-07-03 22:30:05.994026,15.57
56,2025-07-04 22:30:05.994026,87.45
56,2025-07-05 22:30:05.994026,31.55
56,2025-07-06 22:30:05.994026,60.32
56,2025-07-07 22:30:05.994026,24.72
56,2025-07-08 22:30:05.994026,17.02
56,2025-07-09 22:30:05.994026,18.79
56,2025-07-10 22:30:05.994026,72.3
56,2025-07-11 22:30:05.994026,59.52
56,2025-07-12 22:30:05.994026,42.43
56,2025-07-13 22:30:05.994026,54.43
56,2025-07-14 22:30:05.994026,47.37
56,2025-07-15 22:30:05.994026,53.38
56,2025-07-16 22:30:05.994026,64.77
56,2025-07-17 22:30:05.994026,24.66
56,2025-07-18 22:30:05.994026,27.27
56,2025-07-19 22:30:05.994026,72.93
56,2025-07-20 22:30:05.994026,83.58
56,2025-07-21 22:30:05.994026,12.37
56,2025-07-22 22:30:05.994026,45.21
56,2025-07-23 22:30:05.994026,68.34
56,2025-07-24 22:30:05.994026,12.03
56,2025-07-25 22:30:05.994026,55.78
56,2025-07-26 22:30:05.994026,10.56
56,2025-07-27 22:30:05.994026,54.29
56,2025-07-28 22:30:05.994026,50.49
56,2025-07-29 22:30:05.994026,56.54
56,2025-07-30 22:30:05.994026,18.49
57,2025-07-01 22:30:05.994235,34.53
57,2025-07-02 22:30:05.994235,51.83
57,2025-07-03 22:30:05.994235,15.46
57,2025-07-04 22:30:05.994235,23.49
57,2025-07-05 22:30:05.994235,57.48
57,2025-07-06 22:30:05.994235,13.18
57,2025-07-07 22:30:05.994235,50.93
57,2025-07-08 22:30:05.994235,77.78
57,2025-07-09 22:30:05.994235,45.81
57,2025-07-10 22:30:05.994235,51.19
57,2025-07-11 22:30:05.994235,46.11
57,2025-07-12 22:30:05.994235,10.2
57,2025-07-13 22:30:05.994235,46.61
57,2025-07-14 22:30:05.994235,77.62
57,2025-07-15 22:30:05.994235,70.1
57,2025-07-16 22:30:05.994235,40.64
57,2025-07-17 22:30:05.994235,78.48
57,2025-07-18 22:30:05.994235,72.12
57,2025-07-19 22:30:05.994235,57.05
57,2025-07-20 22:30:05.994235,9.08
57,2025-07-21 22:30:05.994235,36.01
57,2025-07-22 22:30:05.994235,10.74
57,2025-07-23 22:30:05.994235,94.47
57,2025-07-24 22:30:05.994235,89.11
57,2025-07-25 22:30:05.994235,11.21
57,2025-07-26 22:30:05.994235,89.04
57,2025-07-27 22:30:05.994235,7.86
57,2025-07-28 22:30:05.994235,41.8
57,2025-07-29 22:30:05.994235,74.21
57,2025-07-30 22:30:05.994235,73.92
58,2025-07-01 22:30:05.994430,93.05
58,2025-07-02 22:30:05.994430,63.13
58,2025-07-03 22:30:05.994430,42.83
58,2025-07-04 22:30:05.994430,94.36
58,2025-07-05 22:30:05.994430,39.42
58,2025-07-06 22:30:05.994430,83.27
58,2025-07-07 22:30:05.994430,86.61
58,2025-07-08 22:30:05.994430,38.81
58,2025-07-09 22:30:05.994430,66.45
58,2025-07-10 22:30:05.994430,64.56
58,2025-07-11 22:30:05.994430,53.54
58,2025-07-12 22:30:05.994430,63.82
58,2025-07-13 22:30:05.994430,36.3
58,2025-07-14 22:30:05.994430,21.06
58,2025-07-15 22:30:05.994430,53.35
58,2025-07-16 22:30:05.994430,52.6
58,2025-07-17 22:30:05.994430,70.51
58,2025-07-18 22:30:05.994430,25.04
58,2025-07-19 22:30:05.994430,5.31
58,2025-07-20 22:30:05.994430,7.05
58,2025-07-21 22:30:05.994430,31.85
58,2025-07-22 22:30:05.994430,65.61
58,2025-07-23 22:30:05.994430,54.0
58,2025-07-24 22:30:05.994430,52.87
58,2025-07-25 22:30:05.994430,79.1
58,2025-07-26 22:30:05.994430,27.28
58,2025-07-27 22:30:05.994430,36.15
58,2025-07-28 22:30:05.994430,29.81
58,2025-07-29 22:30:05.994430,89.37
58,2025-07-30 22:30:05.994430,70.25
59,2025-07-01 22:30:05.994618,15.16
59,2025-07-02 22:30:05.994618,77.85
59,2025-07-03 22:30:05.994618,42.73
59,2025-07-04 22:30:05.994618,73.94
59,2025-07-05 22:30:05.994618,84.54
59,2025-07-06 22:30:05.994618,6.41
59,2025-07-07 22:30:05.994618,23.55
59,2025-07-08 22:30:05.994618,14.08
59,2025-07-09 22:30:05.994618,8.02
59,2025-07-10 22:30:05.994618,58.8
59,2025-07-11 22:30:05.994618,68.3
59,2025-07-12 22:30:05.994618,9.38
59,2025-07-13 22:30:05.994618,71.65
59,2025-07-14 22:30:05.994618,41.2
59,2025-07-15 22:30:05.994618,26.09
59,2025-07-16 22:30:05.994618,24.55
59,2025-07-17 22:30:05.994618,82.74
59,2025-07-18 22:30:05.994618,10.08
59,2025-07-19 22:30:05.994618,50.35
59,2025-07-20 22:30:05.994618,31.03
59,2025-07-21 22:30:05.994618,78.42
59,2025-07-22 22:30:05.994618,70.84
59,2025-07-23 22:30:05.994618,33.7
59,2025-07-24 22:30:05.994618,58.81
59,2025-07-25 22:30:05.994618,65.53
59,2025-07-26 22:30:05.994618,33.86
59,2025-07-27 22:30:05.994618,32.16
59,2025-07-28 22:30:05.994618,17.89
59,2025-07-29 22:30:05.994618,64.42
59,2025-07-30 22:30:05.994618,24.89
60,2025-07-01 22:30:05.994800,32.05
60,2025-07-02 22:30:05.994800,10.49
60,2025-07-03 22:30:05.994800,90.37
60,2025-07-04 22:30:05.994800,84.17
60,2025-07-05 22:30:05.994800,87.04
60,2025-07-06 22:30:05.994800,61.34
60,2025-07-07 22:30:05.994800,43.45
60,2025-07-08 22:30:05.994800,49.61
60,2025-07-09 22:30:05.994800,92.51
60,2025-07-10 22:30:05.994800,89.74
60,2025-07-11 22:30:05.994800,65.42
60,2025-07-12 22:30:05.994800,75.72
60,2025-07-13 22:30:05.994800,33.69
60,2025-07-14 22:30:05.994800,42.47
60,2025-07-15 22:30:05.994800,18.43
60,2025-07-16 22:30:05.994800,38.88
60,2025-07-17 22:30:05.994800,72.9
60,2025-07-18 22:30:05.994800,47.62
60,2025-07-19 22:30:05.994800,81.44
60,2025-07-20 22:30:05.994800,32.07
60,2025-07-21 22:30:05.994800,68.68
60,2025-07-22 22:30:05.994800,77.52
60,2025-07-23 22:30:05.994800,87.33
60,2025-07-24 22:30:05.994800,55.61
60,2025-07-25 22:30:05.994800,92.1
60,2025-07-26 22:30:05.994800,55.16
60,2025-07-27 22:30:05.994800,17.07
60,2025-07-28 22:30:05.994800,26.86
60,2025-07-29 22:30:05.994800,23.3
60,2025-07-30 22:30:05.994800,63.2
61,2025-07-01 22:30:05.995001,88.0
61,2025-07-02 22:30:05.995001,81.24
61,2025-07-03 22:30:05.995001,13.32
61,2025-07-04 22:30:05.995001,70.21
61,2025-07-05 22:30:05.995001,22.14
61,2025-07-06 22:30:05.995001,29.16
61,2025-07-07 22:30:05.995001,65.63
61,2025-07-08 22:30:05.995001,59.26
61,2025-07-09 22:30:05.995001,83.63
61,2025-07-10 22:30:05.995001,21.93
61,2025-07-11 22:30:05.995001,73.55
61,2025-07-12 22:30:05.995001,70.19
61,2025-07-13 22:30:05.995001,55.3
61,2025-07-14 22:30:05.995001,48.15
61,2025-07-15 22:30:05.995001,83.25
61,2025-07-16 22:30:05.995001,34.97
61,2025-07-17 22:30:05.995001,91.13
61,2025-07-18 22:30:05.995001,6.38
61,2025-07-19 22:30:05.995001,89.34
61,2025-07-20 22:30:05.995001,91.59
61,2025-07-21 22:30:05.995001,15.56
61,2025-07-22 22:30:05.995001,94.96
61,2025-07-23 22:30:05.995001,48.1
61,2025-07-24 22:30:05.995001,26.83
61,2025-07-25 22:30:05.995001,59.4
61,2025-07-26 22:30:05.995001,23.41
61,2025-07-27 22:30:05.995001,87.36
61,2025-07-28 22:30:05.995001,54.69
61,2025-07-29 22:30:05.995001,74.8
61,2025-07-30 22:30:05.995001,39.26
62,2025-07-01 22:30:05.995264,53.03
62,2025-07-02 22:30:05.995264,37.33
62,2025-07-03 22:30:05.995264,28.54
62,2025-07-04 22:30:05.995264,51.15
62,2025-07-05 22:30:05.995264,49.75
62,2025-07-06 22:30:05.995264,13.87
62,2025-07-07 22:30:05.995264,93.32
62,2025-07-08 22:30:05.995264,47.25
62,2025-07-09 22:30:05.995264,80.58
62,2025-07-10 22:30:05.995264,87.29
62,2025-07-11 22:30:05.995264,38.36
62,2025-07-12 22:30:05.995264,42.25
62,2025-07-13 22:30:05.995264,55.63
62,2025-07-14 22:30:05.995264,24.91
62,2025-07-15 22:30:05.995264,18.13
62,2025-07-16 22:30:05.995264,28.47
62,2025-07-17 22:30:05.995264,89.13
62,2025-07-18 22:30:05.995264,57.12
62,2025-07-19 22:30:05.995264,42.58
62,2025-07-20 22:30:05.995264,18.72
62,2025-07-21 22:30:05.995264,34.69
62,2025-07-22 22:30:05.995264,39.19
62,2025-07-23 22:30:05.995264,80.0
62,2025-07-24 22:30:05.995264,49.94
62,2025-07-25 22:30:05.995264,63.91
62,2025-07-26 22:30:05.995264,66.64
62,2025-07-27 22:30:05.995264,28.16
62,2025-07-28 22:30:05.995264,78.94
62,2025-07-29 22:30:05.995264,91.99
62,2025-07-30 22:30:05.995264,62.75
63,2025-07-01 22:30:05.995498,49.15
63,2025-07-02 22:30:05.995498,20.14
63,2025-07-03 22:30:05.995498,76.55
63,2025-07-04 22:30:05.995498,20.23
63,2025-07-05 22:30:05.995498,69.83
63,2025-07-06 22:30:05.995498,48.95
63,2025-07-07 22:30:05.995498,87.52
63,2025-07-08 22:30:05.995498,53.79
63,2025-07-09 22:30:05.995498,62.76
63,2025-07-10 22:30:05.995498,10.29
63,2025-07-11 22:30:05.995498,8.04
63,2025-07-12 22:30:05.995498,81.2
63,2025-07-13 22:30:05.995498,90.07
63,2025-07-14 22:30:05.995498,65.14
63,2025-07-15 22:30:05.995498,73.79
63,2025-07-16 22:30:05.995498,42.12
63,2025-07-17 22:30:05.995498,80.83
63,2025-07-18 22:30:05.995498,25.83
63,2025-07-19 22:30:05.995498,68.65
63,2025-07-20 22:30:05.995498,5.82
63,2025-07-21 22:30:05.995498,50.52
63,2025-07-22 22:30:05.995498,38.59
63,2025-07-23 22:30:05.995498,60.61
63,2025-07-24 22:30:05.995498,65.01
63,2025-07-25 22:30:05.995498,60.49
63,2025-07-26 22:30:05.995498,48.49
63,2025-07-27 22:30:05.995498,48.91
63,2025-07-28 22:30:05.995498,5.6
63,2025-07-29 22:30:05.995498,54.65
63,2025-07-30 22:30:05.995498,6.07
64,2025-07-01 22:30:05.995685,52.65
64,2025-07-02 22:30:05.995685,29.73
64,2025-07-03 22:30:05.995685,92.97
64,2025-07-04 22:30:05.995685,6.54
64,2025-07-05 22:30:05.995685,78.18
64,2025-07-06 22:30:05.995685,65.66
64,2025-07-07 22:30:05.995685,77.56
64,2025-07-08 22:30:05.995685,86.88
64,2025-07-09 22:30:05.995685,14.63
64,2025-07-10 22:30:05.995685,13.67
64,2025-07-11 22:30:05.995685,18.4
64,2025-07-12 22:30:05.995685,22.27
64,2025-07-13 22:30:05.995685,52.38
64,2025-07-14 22:30:05.995685,78.37
64,2025-07-15 22:30:05.995685,29.06
64,2025-07-16 22:30:05.995685,40.72
64,2025-07-17 22:30:05.995685,38.57
64,2025-07-18 22:30:05.995685,41.54
64,2025-07-19 22:30:05.995685,55.85
64,2025-07-20 22:30:05.995685,94.12
64,2025-07-21 22:30:05.995685,25.33
64,2025-07-22 22:30:05.995685,66.56
64,2025-07-23 22:30:05.995685,81.31
64,2025-07-24 22:30:05.995685,63.84
64,2025-07-25 22:30:05.995685,82.24
64,2025-07-26 22:30:05.995685,73.36
64,2025-07-27 22:30:05.995685,13.42
64,2025-07-28 22:30:05.995685,39.13
64,2025-07-29 22:30:05.995685,54.74
64,2025-07-30 22:30:05.995685,10.05
65,2025-07-01 22:30:05.995867,5.85
65,2025-07-02 22:30:05.995867,20.42
65,2025-07-03 22:30:05.995867,49.99
65,2025-07-04 22:30:05.995867,44.05
65,2025-07-05 22:30:05.995867,75.59
65,2025-07-06 22:30:05.995867,55.93
65,2025-07-07 22:30:05.995867,82.22
65,2025-07-08 22:30:05.995867,13.58
65,2025-07-09 22:30:05.995867,52.53
65,2025-07-10 22:30:05.995867,8.83
65,2025-07-11 22:30:05.995867,24.03
65,2025-07-12 22:30:05.995867,83.13
65,2025-07-13 22:30:05.995867,84.88
65,2025-07-14 22:30:05.995867,47.8
65,2025-07-15 22:30:05.995867,9.19
65,2025-07-16 22:30:05.995867,11.69
65,2025-07-17 22:30:05.995867,88.3
65,2025-07-18 22:30:05.995867,85.94
65,2025-07-19 22:30:05.995867,55.72
65,2025-07-20 22:30:05.995867,7.96
65,2025-07-21 22:30:05.995867,88.59
65,2025-07-22 22:30:05.995867,33.3
65,2025-07-23 22:30:05.995867,91.53
65,2025-07-24 22:30:05.995867,57.83
65,2025-07-25 22:30:05.995867,72.7
65,2025-07-26 22:30:05.995867,69.14
65,2025-07-27 22:30:05.995867,40.85
65,2025-07-28 22:30:05.995867,11.92
65,2025-07-29 22:30:05.995867,19.62
65,2025-07-30 22:30:05.995867,26.64
66,2025-07-01 22:30:05.996047,80.12
66,2025-07-02 22:30:05.996047,40.02
66,2025-07-03 22:30:05.996047,85.69
66,2025-07-04 22:30:05.996047,34.86
66,2025-07-05 22:30:05.996047,73.0
66,2025-07-06 22:30:05.996047,17.6
66,2025-07-07 22:30:05.996047,93.96
66,2025-07-08 22:30:05.996047,70.17
66,2025-07-09 22:30:05.996047,50.07
66,2025-07-10 22:30:05.996047,92.69
66,2025-07-11 22:30:05.996047,9.83
66,2025-07-12 22:30:05.996047,44.34
66,2025-07-13 22:30:05.996047,80.48
66,2025-07-14 22:30:05.996047,35.65
66,2025-07-15 22:30:05.996047,74.21
66,2025-07-16 22:30:05.996047,90.94
66,2025-07-17 22:30:05.996047,40.7
66,2025-07-18 22:30:05.996047,74.62
66,2025-07-19 22:30:05.996047,7.67
66,2025-07-20 22:30:05.996047,29.6
66,2025-07-21 22:30:05.996047,94.33
66,2025-07-22 22:30:05.996047,49.15
66,2025-07-23 22:30:05.996047,37.02
66,2025-07-24 22:30:05.996047,89.7
66,2025-07-25 22:30:05.996047,43.87
66,2025-07-26 22:30:05.996047,66.17
66,2025-07-27 22:30:05.996047,64.46
66,2025-07-28 22:30:05.996047,12.71
66,2025-07-29 22:30:05.996047,60.68
66,2025-07-30 22:30:05.996047,76.82
67,2025-07-01 22:30:05.996284,69.18
67,2025-07-02 22:30:05.996284,12.38
67,2025-07-03 22:30:05.996284,18.88
67,2025-07-04 22:30:05.996284,69.05
67,2025-07-05 22:30:05.996284,62.05
67,2025-07-06 22:30:05.996284,71.57
67,2025-07-07 22:30:05.996284,33.5
67,2025-07-08 22:30:05.996284,14.59
67,2025-07-09 22:30:05.996284,5.47
67,2025-07-10 22:30:05.996284,32.74
67,2025-07-11 22:30:05.996284,37.39
67,2025-07-12 22:30:05.996284,29.28
67,2025-07-13 22:30:05.996284,16.93
67,2025-07-14 22:30:05.996284,21.87
67,2025-07-15 22:30:05.996284,45.4
67,2025-07-16 22:30:05.996284,54.93
67,2025-07-17 22:30:05.996284,41.72
67,2025-07-18 22:30:05.996284,7.36
67,2025-07-19 22:30:05.996284,36.85
67,2025-07-20 22:30:05.996284,13.38
67,2025-07-21 22:30:05.996284,58.82
67,2025-07-22 22:30:05.996284,34.2
67,2025-07-23 22:30:05.996284,39.67
67,2025-07-24 22:30:05.996284,31.27
67,2025-07-25 22:30:05.996284,39.9
67,2025-07-26 22:30:05.996284,12.62
67,2025-07-27 22:30:05.996284,86.1
67,2025-07-28 22:30:05.996284,86.47
67,2025-07-29 22:30:05.996284,93.04
67,2025-07-30 22:30:05.996284,56.48
68,2025-07-01 22:30:05.996481,20.26
68,2025-07-02 22:30:05.996481,39.27
68,2025-07-03 22:30:05.996481,17.5
68,2025-07-04 22:30:05.996481,32.1
68,2025-07-05 22:30:05.996481,49.38
68,2025-07-06 22:30:05.996481,10.69
68,2025-07-07 22:30:05.996481,44.12
68,2025-07-08 22:30:05.996481,42.9
68,2025-07-09 22:30:05.996481,48.58
68,2025-07-10 22:30:05.996481,11.92
68,2025-07-11 22:30:05.996481,27.65
68,2025-07-12 22:30:05.996481,27.19
68,2025-07-13 22:30:05.996481,61.25
68,2025-07-14 22:30:05.996481,58.44
68,2025-07-15 22:30:05.996481,22.6
68,2025-07-16 22:30:05.996481,14.63
68,2025-07-17 22:30:05.996481,32.42
68,2025-07-18 22:30:05.996481,90.39
68,2025-07-19 22:30:05.996481,34.9
68,2025-07-20 22:30:05.996481,60.82
68,2025-07-21 22:30:05.996481,77.37
68,2025-07-22 22:30:05.996481,34.66
68,2025-07-23 22:30:05.996481,35.13
68,2025-07-24 22:30:05.996481,78.39
68,2025-07-25 22:30:05.996481,82.36
68,2025-07-26 22:30:05.996481,92.68
68,2025-07-27 22:30:05.996481,17.25
68,2025-07-28 22:30:05.996481,33.86
68,2025-07-29 22:30:05.996481,90.26
68,2025-07-30 22:30:05.996481,23.08
69,2025-07-01 22:30:05.996685,33.28
69,2025-07-02 22:30:05.996685,91.81
69,2025-07-03 22:30:05.996685,92.19
69,2025-07-04 22:30:05.996685,31.23
69,2025-07-05 22:30:05.996685,67.55
69,2025-07-06 22:30:05.996685,49.19
69,2025-07-07 22:30:05.996685,56.83
69,2025-07-08 22:30:05.996685,26.82
69,2025-07-09 22:30:05.996685,38.84
69,2025-07-10 22:30:05.996685,78.48
69,2025-07-11 22:30:05.996685,40.36
69,2025-07-12 22:30:05.996685,15.25
69,2025-07-13 22:30:05.996685,55.75
69,2025-07-14 22:30:05.996685,58.3
69,2025-07-15 22:30:05.996685,54.11
69,2025-07-16 22:30:05.996685,66.35
69,2025-07-17 22:30:05.996685,54.51
69,2025-07-18 22:30:05.996685,90.77
69,2025-07-19 22:30:05.996685,46.55
69,2025-07-20 22:30:05.996685,68.75
69,2025-07-21 22:30:05.996685,44.46
69,2025-07-22 22:30:05.996685,31.22
69,2025-07-23 22:30:05.996685,67.36
69,2025-07-24 22:30:05.996685,78.71
69,2025-07-25 22:30:05.996685,76.61
69,2025-07-26 22:30:05.996685,41.82
69,2025-07-27 22:30:05.996685,49.94
69,2025-07-28 22:30:05.996685,62.0
69,2025-07-29 22:30:05.996685,26.78
69,2025-07-30 22:30:05.996685,64.28
70,2025-07-01 22:30:05.996879,69.37
70,2025-07-02 22:30:05.996879,76.02
70,2025-07-03 22:30:05.996879,11.66
70,2025-07-04 22:30:05.996879,94.16
70,2025-07-05 22:30:05.996879,48.13
70,2025-07-06 22:30:05.996879,41.07
70,2025-07-07 22:30:05.996879,50.6
70,2025-07-08 22:30:05.996879,87.84
70,2025-07-09 22:30:05.996879,67.25
70,2025-07-10 22:30:05.996879,53.93
70,2025-07-11 22:30:05.996879,76.16
70,2025-07-12 22:30:05.996879,37.36
70,2025-07-13 22:30:05.996879,85.6
70,2025-07-14 22:30:05.996879,53.32
70,2025-07-15 22:30:05.996879,62.44
70,2025-07-16 22:30:05.996879,12.65
70,2025-07-17 22:30:05.996879,74.21
70,2025-07-18 22:30:05.996879,64.18
70,2025-07-19 22:30:05.996879,36.95
70,2025-07-20 22:30:05.996879,63.23
70,2025-07-21 22:30:05.996879,8.99
70,2025-07-22 22:30:05.996879,93.52
70,2025-07-23 22:30:05.996879,65.97
70,2025-07-24 22:30:05.996879,40.97
70,2025-07-25 22:30:05.996879,72.74
70,2025-07-26 22:30:05.996879,91.91
70,2025-07-27 22:30:05.996879,43.74
70,2025-07-28 22:30:05.996879,5.95
70,2025-07-29 22:30:05.996879,28.29
70,2025-07-30 22:30:05.996879,50.96
71,2025-07-01 22:30:05.997067,51.69
71,2025-07-02 22:30:05.997067,57.25
71,2025-07-03 22:30:05.997067,56.77
71,2025-07-04 22:30:05.997067,45.12
71,2025-07-05 22:30:05.997067,40.2
71,2025-07-06 22:30:05.997067,74.51
71,2025-07-07 22:30:05.997067,57.97
71,2025-07-08 22:30:05.997067,50.04
71,2025-07-09 22:30:05.997067,36.05
71,2025-07-10 22:30:05.997067,7.21
71,2025-07-11 22:30:05.997067,14.41
71,2025-07-12 22:30:05.997067,42.44
71,2025-07-13 22:30:05.997067,91.56
71,2025-07-14 22:30:05.997067,15.45
71,2025-07-15 22:30:05.997067,89.66
71,2025-07-16 22:30:05.997067,17.75
71,2025-07-17 22:30:05.997067,33.07
71,2025-07-18 22:30:05.997067,45.98
71,2025-07-19 22:30:05.997067,23.62
71,2025-07-20 22:30:05.997067,48.46
71,2025-07-21 22:30:05.997067,47.85
71,2025-07-22 22:30:05.997067,44.43
71,2025-07-23 22:30:05.997067,67.71
71,2025-07-24 22:30:05.997067,33.7
71,2025-07-25 22:30:05.997067,32.02
71,2025-07-26 22:30:05.997067,77.92
71,2025-07-27 22:30:05.997067,15.36
71,2025-07-28 22:30:05.997067,81.43
71,2025-07-29 22:30:05.997067,63.32
71,2025-07-30 22:30:05.997067,65.94
72,2025-07-01 22:30:05.997272,19.79
72,2025-07-02 22:30:05.997272,93.55
72,2025-07-03 22:30:05.997272,26.95
72,2025-07-04 22:30:05.997272,20.7
72,2025-07-05 22:30:05.997272,19.41
72,2025-07-06 22:30:05.997272,55.39
72,2025-07-07 22:30:05.997272,91.26
72,2025-07-08 22:30:05.997272,25.87
72,2025-07-09 22:30:05.997272,41.45
72,2025-07-10 22:30:05.997272,21.6
72,2025-07-11 22:30:05.997272,62.64
72,2025-07-12 22:30:05.997272,43.89
72,2025-07-13 22:30:05.997272,7.63
72,2025-07-14 22:30:05.997272,60.27
72,2025-07-15 22:30:05.997272,22.76
72,2025-07-16 22:30:05.997272,58.3
72,2025-07-17 22:30:05.997272,40.0
72,2025-07-18 22:30:05.997272,68.43
72,2025-07-19 22:30:05.997272,23.52
72,2025-07-20 22:30:05.997272,72.71
72,2025-07-21 22:30:05.997272,77.79
72,2025-07-22 22:30:05.997272,10.63
72,2025-07-23 22:30:05.997272,14.16
72,2025-07-24 22:30:05.997272,83.48
72,2025-07-25 22:30:05.997272,21.83
72,2025-07-26 22:30:05.997272,34.34
72,2025-07-27 22:30:05.997272,46.18
72,2025-07-28 22:30:05.997272,28.61
72,2025-07-29 22:30:05.997272,82.64
72,2025-07-30 22:30:05.997272,52.49
73,2025-07-01 22:30:05.997470,62.52
73,2025-07-02 22:30:05.997470,58.73
73,2025-07-03 22:30:05.997470,60.02
73,2025-07-04 22:30:05.997470,57.83
73,2025-07-05 22:30:05.997470,36.31
73,2025-07-06 22:30:05.997470,81.1
73,2025-07-07 22:30:05.997470,60.56
73,2025-07-08 22:30:05.997470,78.24
73,2025-07-09 22:30:05.997470,68.54
73,2025-07-10 22:30:05.997470,31.77
73,2025-07-11 22:30:05.997470,60.3
73,2025-07-12 22:30:05.997470,12.63
73,2025-07-13 22:30:05.997470,17.06
73,2025-07-14 22:30:05.997470,15.61
73,2025-07-15 22:30:05.997470,32.48
73,2025-07-16 22:30:05.997470,21.47
73,2025-07-17 22:30:05.997470,67.41
73,2025-07-18 22:30:05.997470,50.97
73,2025-07-19 22:30:05.997470,42.64
73,2025-07-20 22:30:05.997470,17.41
73,2025-07-21 22:30:05.997470,39.53
73,2025-07-22 22:30:05.997470,21.72
73,2025-07-23 22:30:05.997470,62.2
73,2025-07-24 22:30:05.997470,67.41
73,2025-07-25 22:30:05.997470,63.07
73,2025-07-26 22:30:05.997470,94.99
73,2025-07-27 22:30:05.997470,54.94
73,2025-07-28 22:30:05.997470,49.07
73,2025-07-29 22:30:05.997470,17.63
73,2025-07-30 22:30:05.997470,33.31
74,2025-07-01 22:30:05.997676,45.59
74,2025-07-02 22:30:05.997676,9.83
74,2025-07-03 22:30:05.997676,37.31
74,2025-07-04 22:30:05.997676,5.86
74,2025-07-05 22:30:05.997676,17.29
74,2025-07-06 22:30:05.997676,78.37
74,2025-07-07 22:30:05.997676,91.74
74,2025-07-08 22:30:05.997676,50.49
74,2025-07-09 22:30:05.997676,49.55
74,2025-07-10 22:30:05.997676,66.62
74,2025-07-11 22:30:05.997676,42.41
74,2025-07-12 22:30:05.997676,80.59
74,2025-07-13 22:30:05.997676,48.98
74,2025-07-14 22:30:05.997676,12.44
74,2025-07-15 22:30:05.997676,7.78
74,2025-07-16 22:30:05.997676,73.5
74,2025-07-17 22:30:05.997676,31.29
74,2025-07-18 22:30:05.997676,29.74
74,2025-07-19 22:30:05.997676,53.38
74,2025-07-20 22:30:05.997676,20.14
74,2025-07-21 22:30:05.997676,46.16
74,2025-07-22 22:30:05.997676,71.83
74,2025-07-23 22:30:05.997676,73.93
74,2025-07-24 22:30:05.997676,54.48
74,2025-07-25 22:30:05.997676,15.19
74,2025-07-26 22:30:05.997676,15.28
74,2025-07-27 22:30:05.997676,74.76
74,2025-07-28 22:30:05.997676,79.1
74,2025-07-29 22:30:05.997676,38.02
74,2025-07-30 22:30:05.997676,79.03
75,2025-07-01 22:30:05.997866,8.74
75,2025-07-02 22:30:05.997866,69.71
75,2025-07-03 22:30:05.997866,54.17
75,2025-07-04 22:30:05.997866,94.08
75,2025-07-05 22:30:05.997866,14.22
75,2025-07-06 22:30:05.997866,79.71
75,2025-07-07 22:30:05.997866,72.62
75,2025-07-08 22:30:05.997866,31.79
75,2025-07-09 22:30:05.997866,94.94
75,2025-07-10 22:30:05.997866,45.48
75,2025-07-11 22:30:05.997866,36.37
75,2025-07-12 22:30:05.997866,78.51
75,2025-07-13 22:30:05.997866,44.52
75,2025-07-14 22:30:05.997866,94.46
75,2025-07-15 22:30:05.997866,74.81
75,2025-07-16 22:30:05.997866,26.33
75,2025-07-17 22:30:05.997866,77.96
75,2025-07-18 22:30:05.997866,57.91
75,2025-07-19 22:30:05.997866,36.56
75,2025-07-20 22:30:05.997866,68.97
75,2025-07-21 22:30:05.997866,61.95
75,2025-07-22 22:30:05.997866,19.94
75,2025-07-23 22:30:05.997866,17.53
75,2025-07-24 22:30:05.997866,23.6
75,2025-07-25 22:30:05.997866,23.62
75,2025-07-26 22:30:05.997866,10.34
75,2025-07-27 22:30:05.997866,36.57
75,2025-07-28 22:30:05.997866,30.3
75,2025-07-29 22:30:05.997866,53.49
75,2025-07-30 22:30:05.997866,34.13
76,2025-07-01 22:30:05.998058,68.36
76,2025-07-02 22:30:05.998058,31.04
76,2025-07-03 22:30:05.998058,29.06
76,2025-07-04 22:30:05.998058,82.22
76,2025-07-05 22:30:05.998058,93.69
76,2025-07-06 22:30:05.998058,66.14
76,2025-07-07 22:30:05.998058,13.57
76,2025-07-08 22:30:05.998058,91.65
76,2025-07-09 22:30:05.998058,75.71
76,2025-07-10 22:30:05.998058,87.69
76,2025-07-11 22:30:05.998058,94.32
76,2025-07-12 22:30:05.998058,83.03
76,2025-07-13 22:30:05.998058,16.42
76,2025-07-14 22:30:05.998058,82.95
76,2025-07-15 22:30:05.998058,27.47
76,2025-07-16 22:30:05.998058,69.03
76,2025-07-17 22:30:05.998058,79.56
76,2025-07-18 22:30:05.998058,73.53
76,2025-07-19 22:30:05.998058,65.86
76,2025-07-20 22:30:05.998058,49.05
76,2025-07-21 22:30:05.998058,56.97
76,2025-07-22 22:30:05.998058,29.18
76,2025-07-23 22:30:05.998058,42.28
76,2025-07-24 22:30:05.998058,45.68
76,2025-07-25 22:30:05.998058,62.03
76,2025-07-26 22:30:05.998058,84.21
76,2025-07-27 22:30:05.998058,13.38
76,2025-07-28 22:30:05.998058,51.41
76,2025-07-29 22:30:05.998058,30.04
76,2025-07-30 22:30:05.998058,89.27
77,2025-07-01 22:30:05.998265,38.22
77,2025-07-02 22:30:05.998265,90.52
77,2025-07-03 22:30:05.998265,34.46
77,2025-07-04 22:30:05.998265,5.22
77,2025-07-05 22:30:05.998265,74.67
77,2025-07-06 22:30:05.998265,70.95
77,2025-07-07 22:30:05.998265,70.78
77,2025-07-08 22:30:05.998265,46.26
77,2025-07-09 22:30:05.998265,64.77
77,2025-07-10 22:30:05.998265,37.24
77,2025-07-11 22:30:05.998265,10.7
77,2025-07-12 22:30:05.998265,53.1
77,2025-07-13 22:30:05.998265,24.6
77,2025-07-14 22:30:05.998265,43.67
77,2025-07-15 22:30:05.998265,24.07
77,2025-07-16 22:30:05.998265,29.17
77,2025-07-17 22:30:05.998265,79.55
77,2025-07-18 22:30:05.998265,35.4
77,2025-07-19 22:30:05.998265,57.01
77,2025-07-20 22:30:05.998265,55.95
77,2025-07-21 22:30:05.998265,48.68
77,2025-07-22 22:30:05.998265,35.94
77,2025-07-23 22:30:05.998265,66.43
77,2025-07-24 22:30:05.998265,9.36
77,2025-07-25 22:30:05.998265,13.96
77,2025-07-26 22:30:05.998265,75.55
77,2025-07-27 22:30:05.998265,46.36
77,2025-07-28 22:30:05.998265,16.18
77,2025-07-29 22:30:05.998265,82.19
77,2025-07-30 22:30:05.998265,44.72
78,2025-07-01 22:30:05.998492,5.06
78,2025-07-02 22:30:05.998492,91.22
78,2025-07-03 22:30:05.998492,23.21
78,2025-07-04 22:30:05.998492,66.97
78,2025-07-05 22:30:05.998492,16.87
78,2025-07-06 22:30:05.998492,63.5
78,2025-07-07 22:30:05.998492,19.31
78,2025-07-08 22:30:05.998492,88.95
78,2025-07-09 22:30:05.998492,29.66
78,2025-07-10 22:30:05.998492,63.91
78,2025-07-11 22:30:05.998492,27.54
78,2025-07-12 22:30:05.998492,38.47
78,2025-07-13 22:30:05.998492,86.34
78,2025-07-14 22:30:05.998492,19.9
78,2025-07-15 22:30:05.998492,40.67
78,2025-07-16 22:30:05.998492,32.5
78,2025-07-17 22:30:05.998492,67.95
78,2025-07-18 22:30:05.998492,26.07
78,2025-07-19 22:30:05.998492,63.99
78,2025-07-20 22:30:05.998492,68.33
78,2025-07-21 22:30:05.998492,5.1
78,2025-07-22 22:30:05.998492,47.91
78,2025-07-23 22:30:05.998492,16.94
78,2025-07-24 22:30:05.998492,25.36
78,2025-07-25 22:30:05.998492,66.2
78,2025-07-26 22:30:05.998492,5.84
78,2025-07-27 22:30:05.998492,67.6
78,2025-07-28 22:30:05.998492,78.54
78,2025-07-29 22:30:05.998492,93.93
78,2025-07-30 22:30:05.998492,43.01
79,2025-07-01 22:30:05.998673,16.9
79,2025-07-02 22:30:05.998673,11.37
79,2025-07-03 22:30:05.998673,39.48
79,2025-07-04 22:30:05.998673,70.77
79,2025-07-05 22:30:05.998673,14.22
79,2025-07-06 22:30:05.998673,33.2
79,2025-07-07 22:30:05.998673,84.29
79,2025-07-08 22:30:05.998673,17.34
79,2025-07-09 22:30:05.998673,74.61
79,2025-07-10 22:30:05.998673,72.78
79,2025-07-11 22:30:05.998673,16.98
79,2025-07-12 22:30:05.998673,94.36
79,2025-07-13 22:30:05.998673,17.86
79,2025-07-14 22:30:05.998673,52.75
79,2025-07-15 22:30:05.998673,5.76
79,2025-07-16 22:30:05.998673,63.5
79,2025-07-17 22:30:05.998673,44.61
79,2025-07-18 22:30:05.998673,70.02
79,2025-07-19 22:30:05.998673,61.53
79,2025-07-20 22:30:05.998673,18.62
79,2025-07-21 22:30:05.998673,42.05
79,2025-07-22 22:30:05.998673,66.79
79,2025-07-23 22:30:05.998673,82.4
79,2025-07-24 22:30:05.998673,12.8
79,2025-07-25 22:30:05.998673,14.04
79,2025-07-26 22:30:05.998673,72.72
79,2025-07-27 22:30:05.998673,58.06
79,2025-07-28 22:30:05.998673,39.56
79,2025-07-29 22:30:05.998673,91.69
79,2025-07-30 22:30:05.998673,33.31
80,2025-07-01 22:30:05.998850,17.58
80,2025-07-02 22:30:05.998850,29.93
80,2025-07-03 22:30:05.998850,12.58
80,2025-07-04 22:30:05.998850,54.81
80,2025-07-05 22:30:05.998850,59.0
80,2025-07-06 22:30:05.998850,59.68
80,2025-07-07 22:30:05.998850,75.11
80,2025-07-08 22:30:05.998850,67.14
80,2025-07-09 22:30:05.998850,81.31
80,2025-07-10 22:30:05.998850,64.26
80,2025-07-11 22:30:05.998850,32.15
80,2025-07-12 22:30:05.998850,51.6
80,2025-07-13 22:30:05.998850,50.86
80,2025-07-14 22:30:05.998850,72.31
80,2025-07-15 22:30:05.998850,31.6
80,2025-07-16 22:30:05.998850,9.91
80,2025-07-17 22:30:05.998850,85.81
80,2025-07-18 22:30:05.998850,90.92
80,2025-07-19 22:30:05.998850,49.54
80,2025-07-20 22:30:05.998850,15.15
80,2025-07-21 22:30:05.998850,49.96
80,2025-07-22 22:30:05.998850,58.45
80,2025-07-23 22:30:05.998850,52.55
80,2025-07-24 22:30:05.998850,92.99
80,2025-07-25 22:30:05.998850,93.82
80,2025-07-26 22:30:05.998850,89.05
80,2025-07-27 22:30:05.998850,16.88
80,2025-07-28 22:30:05.998850,82.47
80,2025-07-29 22:30:05.998850,56.15
80,2025-07-30 22:30:05.998850,37.89
81,2025-07-01 22:30:05.999029,66.46
81,2025-07-02 22:30:05.999029,73.65
81,2025-07-03 22:30:05.999029,90.9
81,2025-07-04 22:30:05.999029,74.33
81,2025-07-05 22:30:05.999029,6.5
81,2025-07-06 22:30:05.999029,11.08
81,2025-07-07 22:30:05.999029,28.6
81,2025-07-08 22:30:05.999029,8.58
81,2025-07-09 22:30:05.999029,10.44
81,2025-07-10 22:30:05.999029,76.04
81,2025-07-11 22:30:05.999029,50.59
81,2025-07-12 22:30:05.999029,61.57
81,2025-07-13 22:30:05.999029,50.09
81,2025-07-14 22:30:05.999029,42.39
81,2025-07-15 22:30:05.999029,68.16
81,2025-07-16 22:30:05.999029,12.42
81,2025-07-17 22:30:05.999029,53.29
81,2025-07-18 22:30:05.999029,60.44
81,2025-07-19 22:30:05.999029,29.97
81,2025-07-20 22:30:05.999029,32.89
81,2025-07-21 22:30:05.999029,51.02
81,2025-07-22 22:30:05.999029,23.29
81,2025-07-23 22:30:05.999029,77.73
81,2025-07-24 22:30:05.999029,53.28
81,2025-07-25 22:30:05.999029,40.17
81,2025-07-26 22:30:05.999029,62.09
81,2025-07-27 22:30:05.999029,80.11
81,2025-07-28 22:30:05.999029,66.3
81,2025-07-29 22:30:05.999029,10.95
81,2025-07-30 22:30:05.999029,67.88
82,2025-07-01 22:30:05.999226,70.7
82,2025-07-02 22:30:05.999226,81.18
82,2025-07-03 22:30:05.999226,10.21
82,2025-07-04 22:30:05.999226,12.76
82,2025-07-05 22:30:05.999226,44.1
82,2025-07-06 22:30:05.999226,45.8
82,2025-07-07 22:30:05.999226,59.79
82,2025-07-08 22:30:05.999226,32.84
82,2025-07-09 22:30:05.999226,71.75
82,2025-07-10 22:30:05.999226,71.66
82,2025-07-11 22:30:05.999226,15.75
82,2025-07-12 22:30:05.999226,68.71
82,2025-07-13 22:30:05.999226,68.13
82,2025-07-14 22:30:05.999226,19.74
82,2025-07-15 22:30:05.999226,90.77
82,2025-07-16 22:30:05.999226,52.07
82,2025-07-17 22:30:05.999226,75.47
82,2025-07-18 22:30:05.999226,69.87
82,2025-07-19 22:30:05.999226,20.03
82,2025-07-20 22:30:05.999226,16.42
82,2025-07-21 22:30:05.999226,75.3
82,2025-07-22 22:30:05.999226,29.19
82,2025-07-23 22:30:05.999226,84.78
82,2025-07-24 22:30:05.999226,74.43
82,2025-07-25 22:30:05.999226,7.64
82,2025-07-26 22:30:05.999226,77.64
82,2025-07-27 22:30:05.999226,29.48
82,2025-07-28 22:30:05.999226,10.75
82,2025-07-29 22:30:05.999226,69.11
82,2025-07-30 22:30:05.999226,56.9
83,2025-07-01 22:30:05.999436,11.94
83,2025-07-02 22:30:05.999436,45.97
83,2025-07-03 22:30:05.999436,37.41
83,2025-07-04 22:30:05.999436,49.96
83,2025-07-05 22:30:05.999436,56.02
83,2025-07-06 22:30:05.999436,38.09
83,2025-07-07 22:30:05.999436,27.96
83,2025-07-08 22:30:05.999436,14.26
83,2025-07-09 22:30:05.999436,56.65
83,2025-07-10 22:30:05.999436,70.05
83,2025-07-11 22:30:05.999436,25.56
83,2025-07-12 22:30:05.999436,50.79
83,2025-07-13 22:30:05.999436,8.96
83,2025-07-14 22:30:05.999436,82.66
83,2025-07-15 22:30:05.999436,27.01
83,2025-07-16 22:30:05.999436,47.46
83,2025-07-17 22:30:05.999436,39.47
83,2025-07-18 22:30:05.999436,18.51
83,2025-07-19 22:30:05.999436,88.8
83,2025-07-20 22:30:05.999436,82.17
83,2025-07-21 22:30:05.999436,54.76
83,2025-07-22 22:30:05.999436,87.26
83,2025-07-23 22:30:05.999436,71.66
83,2025-07-24 22:30:05.999436,42.74
83,2025-07-25 22:30:05.999436,33.96
83,2025-07-26 22:30:05.999436,42.46
83,2025-07-27 22:30:05.999436,69.83
83,2025-07-28 22:30:05.999436,29.41
83,2025-07-29 22:30:05.999436,12.01
83,2025-07-30 22:30:05.999436,38.55
84,2025-07-01 22:30:05.999632,50.18
84,2025-07-02 22:30:05.999632,86.17
84,2025-07-03 22:30:05.999632,21.14
84,2025-07-04 22:30:05.999632,77.39
84,2025-07-05 22:30:05.999632,93.33
84,2025-07-06 22:30:05.999632,90.87
84,2025-07-07 22:30:05.999632,11.2
84,2025-07-08 22:30:05.999632,46.86
84,2025-07-09 22:30:05.999632,30.41
84,2025-07-10 22:30:05.999632,81.04
84,2025-07-11 22:30:05.999632,34.46
84,2025-07-12 22:30:05.999632,54.78
84,2025-07-13 22:30:05.999632,5.72
84,2025-07-14 22:30:05.999632,23.06
84,2025-07-15 22:30:05.999632,55.74
84,2025-07-16 22:30:05.999632,32.35
84,2025-07-17 22:30:05.999632,61.04
84,2025-07-18 22:30:05.999632,46.75
84,2025-07-19 22:30:05.999632,58.25
84,2025-07-20 22:30:05.999632,49.4
84,2025-07-21 22:30:05.999632,74.54
84,2025-07-22 22:30:05.999632,22.59
84,2025-07-23 22:30:05.999632,86.04
84,2025-07-24 22:30:05.999632,73.44
84,2025-07-25 22:30:05.999632,27.06
84,2025-07-26 22:30:05.999632,5.57
84,2025-07-27 22:30:05.999632,41.9
84,2025-07-28 22:30:05.999632,25.97
84,2025-07-29 22:30:05.999632,36.18
84,2025-07-30 22:30:05.999632,80.56
85,2025-07-01 22:30:05.999823,83.95
85,2025-07-02 22:30:05.999823,90.59
85,2025-07-03 22:30:05.999823,5.13
85,2025-07-04 22:30:05.999823,64.16
85,2025-07-05 22:30:05.999823,81.41
85,2025-07-06 22:30:05.999823,70.45
85,2025-07-07 22:30:05.999823,14.36
85,2025-07-08 22:30:05.999823,52.68
85,2025-07-09 22:30:05.999823,26.44
85,2025-07-10 22:30:05.999823,49.28
85,2025-07-11 22:30:05.999823,10.39
85,2025-07-12 22:30:05.999823,94.73
85,2025-07-13 22:30:05.999823,69.05
85,2025-07-14 22:30:05.999823,13.37
85,2025-07-15 22:30:05.999823,87.91
85,2025-07-16 22:30:05.999823,85.76
85,2025-07-17 22:30:05.999823,51.78
85,2025-07-18 22:30:05.999823,68.08
85,2025-07-19 22:30:05.999823,38.52
85,2025-07-20 22:30:05.999823,92.71
85,2025-07-21 22:30:05.999823,12.64
85,2025-07-22 22:30:05.999823,13.6
85,2025-07-23 22:30:05.999823,17.02
85,2025-07-24 22:30:05.999823,78.8
85,2025-07-25 22:30:05.999823,11.73
85,2025-07-26 22:30:05.999823,56.1
85,2025-07-27 22:30:05.999823,44.15
85,2025-07-28 22:30:05.999823,91.78
85,2025-07-29 22:30:05.999823,26.31
85,2025-07-30 22:30:05.999823,28.49
86,2025-07-01 22:30:06.000017,33.35
86,2025-07-02 22:30:06.000017,77.07
86,2025-07-03 22:30:06.000017,68.07
86,2025-07-04 22:30:06.000017,71.18
86,2025-07-05 22:30:06.000017,33.63
86,2025-07-06 22:30:06.000017,29.48
86,2025-07-07 22:30:06.000017,11.72
86,2025-07-08 22:30:06.000017,23.24
86,2025-07-09 22:30:06.000017,75.19
86,2025-07-10 22:30:06.000017,57.62
86,2025-07-11 22:30:06.000017,18.99
86,2025-07-12 22:30:06.000017,19.79
86,2025-07-13 22:30:06.000017,46.94
86,2025-07-14 22:30:06.000017,41.59
86,2025-07-15 22:30:06.000017,53.23
86,2025-07-16 22:30:06.000017,91.82
86,2025-07-17 22:30:06.000017,23.69
86,2025-07-18 22:30:06.000017,32.75
86,2025-07-19 22:30:06.000017,28.85
86,2025-07-20 22:30:06.000017,15.79
86,2025-07-21 22:30:06.000017,19.19
86,2025-07-22 22:30:06.000017,66.74
86,2025-07-23 22:30:06.000017,79.37
86,2025-07-24 22:30:06.000017,67.72
86,2025-07-25 22:30:06.000017,8.63
86,2025-07-26 22:30:06.000017,80.23
86,2025-07-27 22:30:06.000017,34.5
86,2025-07-28 22:30:06.000017,13.21
86,2025-07-29 22:30:06.000017,27.34
86,2025-07-30 22:30:06.000017,37.02
87,2025-07-01 22:30:06.000243,51.21
87,2025-07-02 22:30:06.000243,65.95
87,2025-07-03 22:30:06.000243,28.42
87,2025-07-04 22:30:06.000243,94.16
87,2025-07-05 22:30:06.000243,7.8
87,2025-07-06 22:30:06.000243,41.4
87,2025-07-07 22:30:06.000243,45.7
87,2025-07-08 22:30:06.000243,72.33
87,2025-07-09 22:30:06.000243,27.49
87,2025-07-10 22:30:06.000243,46.58
87,2025-07-11 22:30:06.000243,77.35
87,2025-07-12 22:30:06.000243,17.58
87,2025-07-13 22:30:06.000243,6.08
87,2025-07-14 22:30:06.000243,79.73
87,2025-07-15 22:30:06.000243,93.43
87,2025-07-16 22:30:06.000243,16.76
87,2025-07-17 22:30:06.000243,79.13
87,2025-07-18 22:30:06.000243,38.5
87,2025-07-19 22:30:06.000243,61.73
87,2025-07-20 22:30:06.000243,63.02
87,2025-07-21 22:30:06.000243,57.41
87,2025-07-22 22:30:06.000243,28.29
87,2025-07-23 22:30:06.000243,78.15
87,2025-07-24 22:30:06.000243,6.96
87,2025-07-25 22:30:06.000243,10.8
87,2025-07-26 22:30:06.000243,86.22
87,2025-07-27 22:30:06.000243,44.91
87,2025-07-28 22:30:06.000243,16.59
87,2025-07-29 22:30:06.000243,86.46
87,2025-07-30 22:30:06.000243,79.64
88,2025-07-01 22:30:06.000461,34.84
88,2025-07-02 22:30:06.000461,8.84
88,2025-07-03 22:30:06.000461,46.49
88,2025-07-04 22:30:06.000461,20.12
88,2025-07-05 22:30:06.000461,56.65
88,2025-07-06 22:30:06.000461,78.95
88,2025-07-07 22:30:06.000461,40.55
88,2025-07-08 22:30:06.000461,7.65
88,2025-07-09 22:30:06.000461,66.49
88,2025-07-10 22:30:06.000461,20.55
88,2025-07-11 22:30:06.000461,24.32
88,2025-07-12 22:30:06.000461,21.84
88,2025-07-13 22:30:06.000461,30.19
88,2025-07-14 22:30:06.000461,84.51
88,2025-07-15 22:30:06.000461,8.12
88,2025-07-16 22:30:06.000461,60.73
88,2025-07-17 22:30:06.000461,27.12
88,2025-07-18 22:30:06.000461,31.56
88,2025-07-19 22:30:06.000461,42.08
88,2025-07-20 22:30:06.000461,54.56
88,2025-07-21 22:30:06.000461,10.49
88,2025-07-22 22:30:06.000461,30.18
88,2025-07-23 22:30:06.000461,17.35
88,2025-07-24 22:30:06.000461,22.95
88,2025-07-25 22:30:06.000461,84.62
88,2025-07-26 22:30:06.000461,52.32
88,2025-07-27 22:30:06.000461,61.77
88,2025-07-28 22:30:06.000461,77.2
88,2025-07-29 22:30:06.000461,76.54
88,2025-07-30 22:30:06.000461,94.05
89,2025-07-01 22:30:06.000660,75.37
89,2025-07-02 22:30:06.000660,37.32
89,2025-07-03 22:30:06.000660,54.01
89,2025-07-04 22:30:06.000660,48.62
89,2025-07-05 22:30:06.000660,87.14
89,2025-07-06 22:30:06.000660,50.22
89,2025-07-07 22:30:06.000660,39.95
89,2025-07-08 22:30:06.000660,21.18
89,2025-07-09 22:30:06.000660,33.7
89,2025-07-10 22:30:06.000660,24.71
89,2025-07-11 22:30:06.000660,85.62
89,2025-07-12 22:30:06.000660,75.07
89,2025-07-13 22:30:06.000660,10.27
89,2025-07-14 22:30:06.000660,94.24
89,2025-07-15 22:30:06.000660,52.65
89,2025-07-16 22:30:06.000660,74.02
89,2025-07-17 22:30:06.000660,94.96
89,2025-07-18 22:30:06.000660,92.66
89,2025-07-19 22:30:06.000660,14.01
89,2025-07-20 22:30:06.000660,64.12
89,2025-07-21 22:30:06.000660,28.99
89,2025-07-22 22:30:06.000660,78.47
89,2025-07-23 22:30:06.000660,87.55
89,2025-07-24 22:30:06.000660,10.03
89,2025-07-25 22:30:06.000660,94.68
89,2025-07-26 22:30:06.000660,24.75
89,2025-07-27 22:30:06.000660,81.19
89,2025-07-28 22:30:06.000660,76.77
89,2025-07-29 22:30:06.000660,36.93
89,2025-07-30 22:30:06.000660,80.53
90,2025-07-01 22:30:06.000876,81.07
90,2025-07-02 22:30:06.000876,20.85
90,2025-07-03 22:30:06.000876,58.33
90,2025-07-04 22:30:06.000876,77.56
90,2025-07-05 22:30:06.000876,67.79
90,2025-07-06 22:30:06.000876,87.26
90,2025-07-07 22:30:06.000876,7.54
90,2025-07-08 22:30:06.000876,68.05
90,2025-07-09 22:30:06.000876,90.28
90,2025-07-10 22:30:06.000876,55.72
90,2025-07-11 22:30:06.000876,55.68
90,2025-07-12 22:30:06.000876,21.94
90,2025-07-13 22:30:06.000876,93.92
90,2025-07-14 22:30:06.000876,84.35
90,2025-07-15 22:30:06.000876,49.3
90,2025-07-16 22:30:06.000876,32.81
90,2025-07-17 22:30:06.000876,49.14
90,2025-07-18 22:30:06.000876,13.12
90,2025-07-19 22:30:06.000876,25.94
90,2025-07-20 22:30:06.000876,24.69
90,2025-07-21 22:30:06.000876,52.38
90,2025-07-22 22:30:06.000876,5.06
90,2025-07-23 22:30:06.000876,87.61
90,2025-07-24 22:30:06.000876,23.13
90,2025-07-25 22:30:06.000876,16.74
90,2025-07-26 22:30:06.000876,69.52
90,2025-07-27 22:30:06.000876,87.69
90,2025-07-28 22:30:06.000876,80.99
90,2025-07-29 22:30:06.000876,34.12
90,2025-07-30 22:30:06.000876,6.97
91,2025-07-01 22:30:06.001068,57.79
91,2025-07-02 22:30:06.001068,87.55
91,2025-07-03 22:30:06.001068,74.69
91,2025-07-04 22:30:06.001068,81.18
91,2025-07-05 22:30:06.001068,82.46
91,2025-07-06 22:30:06.001068,91.45
91,2025-07-07 22:30:06.001068,38.62
91,2025-07-08 22:30:06.001068,89.77
91,2025-07-09 22:30:06.001068,40.6
91,2025-07-10 22:30:06.001068,14.09
91,2025-07-11 22:30:06.001068,32.16
91,2025-07-12 22:30:06.001068,17.28
91,2025-07-13 22:30:06.001068,19.18
91,2025-07-14 22:30:06.001068,90.38
91,2025-07-15 22:30:06.001068,76.27
91,2025-07-16 22:30:06.001068,91.46
91,2025-07-17 22:30:06.001068,63.43
91,2025-07-18 22:30:06.001068,20.68
91,2025-07-19 22:30:06.001068,92.19
91,2025-07-20 22:30:06.001068,67.42
91,2025-07-21 22:30:06.001068,88.6
91,2025-07-22 22:30:06.001068,75.83
91,2025-07-23 22:30:06.001068,25.09
91,2025-07-24 22:30:06.001068,58.01
91,2025-07-25 22:30:06.001068,20.78
91,2025-07-26 22:30:06.001068,32.61
91,2025-07-27 22:30:06.001068,66.96
91,2025-07-28 22:30:06.001068,16.46
91,2025-07-29 22:30:06.001068,70.59
91,2025-07-30 22:30:06.001068,90.39
92,2025-07-01 22:30:06.001406,90.38
92,2025-07-02 22:30:06.001406,40.24
92,2025-07-03 22:30:06.001406,94.49
92,2025-07-04 22:30:06.001406,91.87
92,2025-07-05 22:30:06.001406,7.91
92,2025-07-06 22:30:06.001406,59.21
92,2025-07-07 22:30:06.001406,87.89
92,2025-07-08 22:30:06.001406,92.08
92,2025-07-09 22:30:06.001406,24.88
92,2025-07-10 22:30:06.001406,55.9
92,2025-07-11 22:30:06.001406,89.3
92,2025-07-12 22:30:06.001406,17.66
92,2025-07-13 22:30:06.001406,72.08
92,2025-07-14 22:30:06.001406,26.42
92,2025-07-15 22:30:06.001406,93.41
92,2025-07-16 22:30:06.001406,20.11
92,2025-07-17 22:30:06.001406,84.68
92,2025-07-18 22:30:06.001406,12.99
92,2025-07-19 22:30:06.001406,68.81
92,2025-07-20 22:30:06.001406,62.52
92,2025-07-21 22:30:06.001406,84.8
92,2025-07-22 22:30:06.001406,45.2
92,2025-07-23 22:30:06.001406,28.87
92,2025-07-24 22:30:06.001406,27.46
92,2025-07-25 22:30:06.001406,11.1
92,2025-07-26 22:30:06.001406,28.1
92,2025-07-27 22:30:06.001406,14.72
92,2025-07-28 22:30:06.001406,5.12
92,2025-07-29 22:30:06.001406,39.73
92,2025-07-30 22:30:06.001406,70.93
