produto_id,tipo,valor_solicitado,valor_aprovado,taxa_juros_mensal,prazo_meses,cliente_id,status,data_inicio
1,Consórcio,26643,26545.24,1.5,36,212,Inadimplente,2023-11-21
2,Financiamento,24648,22317.61,2.08,48,16,Ativo,2024-10-22
3,Consórcio,42971,42166.76,1.56,48,498,Ativo,2023-11-08
4,Consórcio,19658,16370.71,2.59,48,372,Ativo,2025-05-28
5,Financiamento,22253,20663.33,1.83,36,332,Quitado,2024-04-03
6,Investimento,49563,47678.22,0.97,12,205,Inadimplente,2025-05-01
7,Investimento,27390,27101.83,1.17,24,365,Ativo,2024-02-24
8,Consórcio,24128,20930.27,0.93,12,490,Quitado,2023-11-09
9,Investimento,14489,13692.05,1.9,24,39,Ativo,2023-11-30
10,Consórcio,39314,35687.78,1.03,48,89,Inadimplente,2024-12-27
11,Investimento,33658,27334.53,1.05,12,430,Inadimplente,2025-03-03
12,Consórcio,7852,7365.18,2.87,48,256,Ativo,2023-12-17
13,Investimento,30450,28562.69,2.72,60,480,Ativo,2025-05-20
14,Empréstimo,3551,3501.72,1.79,48,254,Ativo,2025-01-27
15,Financiamento,7411,6665.92,2.97,48,216,Quitado,2023-10-17
16,Empréstimo,34243,28971.3,0.8,24,368,Quitado,2025-01-26
17,Financiamento,22800,18443.21,2.15,60,303,Ativo,2025-03-13
18,Financiamento,11403,10070.31,2.16,48,172,Ativo,2024-06-28
19,Consórcio,8239,7088.7,1.81,48,137,Ativo,2024-06-09
20,Financiamento,7710,7341.6,1.67,60,488,Quitado,2023-10-21
21,Empréstimo,22384,19493.19,1.8,60,498,Quitado,2024-11-20
22,Empréstimo,22038,21813.53,1.71,12,471,Ativo,2024-06-21
23,Investimento,41846,41530.57,2.41,24,384,Quitado,2024-08-11
24,Empréstimo,23447,21669.29,1.1,60,178,Quitado,2023-12-16
25,Investimento,3285,3238.13,1.23,60,77,Ativo,2025-04-26
26,Financiamento,38991,37126.09,1.2,36,188,Ativo,2024-06-16
27,Empréstimo,14521,13204.99,1.38,60,480,Quitado,2023-10-06
28,Financiamento,48657,40680.25,1.96,24,498,Inadimplente,2024-11-21
29,Empréstimo,7971,7107.9,1.04,48,15,Ativo,2024-05-26
30,Empréstimo,30139,27492.04,2.71,48,292,Ativo,2024-11-05
31,Investimento,20909,20340.11,1.45,48,497,Ativo,2024-06-29
32,Financiamento,12531,11231.12,1.16,48,319,Quitado,2024-08-06
33,Empréstimo,15721,15399.27,2.29,36,325,Ativo,2025-06-05
34,Consórcio,20206,18889.98,0.88,60,214,Ativo,2024-11-26
35,Financiamento,38711,32029.47,2.16,48,208,Quitado,2024-03-08
36,Financiamento,7530,7522.44,2.34,12,169,Quitado,2023-12-15
37,Financiamento,12116,10970.39,1.27,48,330,Ativo,2024-09-10
38,Investimento,1258,1104.99,0.89,60,280,Ativo,2025-01-09
39,Consórcio,1282,1194.6,1.6,48,466,Quitado,2024-11-03
40,Financiamento,14937,12274.91,1.02,36,305,Ativo,2025-05-01
41,Empréstimo,2898,2687.34,1.06,24,146,Ativo,2024-04-19
42,Empréstimo,5135,4619.69,1.36,24,263,Inadimplente,2024-05-07
43,Investimento,7629,6723.7,1.45,60,4,Ativo,2024-12-10
44,Empréstimo,44936,44513.78,1.97,24,90,Quitado,2023-08-18
45,Financiamento,20584,18618.39,2.29,24,453,Inadimplente,2024-04-16
46,Empréstimo,24551,20716.71,2.1,12,60,Ativo,2024-10-08
47,Financiamento,34380,30659.83,1.13,60,311,Ativo,2023-09-19
48,Empréstimo,47971,47197.59,1.18,60,16,Quitado,2024-01-31
49,Consórcio,18071,15093.24,2.73,24,227,Inadimplente,2023-08-16
50,Investimento,21074,17760.99,2.03,24,474,Inadimplente,2024-12-10
51,Investimento,26188,21018.64,2.71,24,466,Quitado,2024-07-05
52,Consórcio,3307,2654.99,1.62,36,29,Ativo,2025-01-23
53,Consórcio,40901,39505.39,2.15,48,151,Quitado,2024-02-04
54,Investimento,12205,11551.11,1.95,36,245,Ativo,2024-06-02
55,Consórcio,6906,6015.18,1.5,60,270,Ativo,2024-01-27
56,Financiamento,3591,3374.33,1.83,12,79,Ativo,2024-08-18
57,Empréstimo,16149,14195.64,1.91,48,433,Ativo,2025-04-07
58,Investimento,45918,45485.42,1.24,12,289,Quitado,2023-12-19
59,Consórcio,40951,40681.15,1.49,60,153,Ativo,2025-05-04
60,Financiamento,26150,22974.31,2.54,60,277,Ativo,2024-04-14
61,Investimento,32852,31894.18,2.81,12,401,Ativo,2025-03-12
62,Consórcio,43870,41879.08,1.59,12,279,Inadimplente,2024-07-19
63,Investimento,2283,1967.95,1.48,12,57,Quitado,2023-10-25
64,Consórcio,34691,29362.74,1.23,60,491,Ativo,2024-09-27
65,Investimento,2125,1894.75,2.29,24,465,Ativo,2023-12-17
66,Financiamento,2529,2418.41,1.51,12,186,Ativo,2025-06-20
67,Financiamento,27170,26953.55,2.97,48,398,Inadimplente,2025-07-25
68,Empréstimo,9438,8991.73,1.52,60,93,Quitado,2025-05-05
69,Investimento,21095,20484.12,1.67,36,276,Quitado,2025-07-26
70,Empréstimo,17154,15792.19,2.13,36,158,Quitado,2024-06-10
71,Investimento,9004,8707.6,2.56,48,275,Ativo,2023-08-12
72,Consórcio,10752,10288.42,1.83,24,181,Inadimplente,2024-05-11
73,Consórcio,44360,38832.62,1.73,12,359,Quitado,2024-07-30
74,Empréstimo,27819,25326.36,2.99,60,440,Ativo,2025-02-19
75,Investimento,37632,36162.49,0.82,12,77,Ativo,2023-11-24
76,Empréstimo,27515,22265.45,2.77,60,466,Quitado,2023-07-30
77,Financiamento,25217,24249.07,1.13,36,151,Inadimplente,2023-08-01
78,Empréstimo,24172,20197.58,2.53,12,446,Ativo,2025-03-01
79,Empréstimo,33994,30694.43,2.16,48,238,Inadimplente,2024-11-04
80,Consórcio,16036,15421.1,1.55,24,289,Quitado,2024-12-15
81,Empréstimo,12739,10837.89,2.72,48,231,Ativo,2023-11-08
82,Investimento,33220,28209.14,0.83,24,488,Ativo,2023-10-17
83,Consórcio,10587,9322.41,1.3,12,18,Ativo,2024-11-30
84,Empréstimo,45517,44557.89,2.05,12,73,Quitado,2024-08-21
85,Financiamento,31129,24905.96,1.57,24,417,Ativo,2023-11-15
86,Empréstimo,1645,1612.56,2.14,36,416,Ativo,2024-02-24
87,Empréstimo,31930,26526.21,0.85,60,189,Quitado,2025-07-16
88,Empréstimo,17299,17264.7,1.06,48,438,Quitado,2024-07-20
89,Consórcio,31090,30809.24,1.08,48,17,Ativo,2025-03-29
90,Investimento,22953,20633.26,1.22,48,19,Ativo,2025-01-18
91,Financiamento,47443,42819.4,1.81,12,219,Ativo,2024-12-26
92,Empréstimo,27475,24626.11,2.45,48,326,Quitado,2024-11-14
93,Investimento,19888,18437.94,2.79,60,483,Inadimplente,2024-11-18
94,Investimento,44732,36597.23,2.64,60,120,Ativo,2025-01-15
95,Consórcio,17087,13781.07,1.23,24,101,Inadimplente,2024-04-06
96,Financiamento,47305,38389.93,1.77,12,34,Quitado,2024-01-20
97,Consórcio,47037,41809.92,1.24,60,84,Quitado,2024-06-25
98,Investimento,10346,8846.96,1.38,36,409,Quitado,2025-02-11
99,Investimento,1587,1467.04,1.91,12,196,Ativo,2025-02-03
100,Investimento,13763,13742.2,0.95,12,330,Ativo,2025-06-12
101,Consórcio,42945,37674.13,1.28,60,202,Quitado,2024-04-23
102,Financiamento,5079,4646.11,2.86,36,344,Quitado,2024-09-26
103,Empréstimo,37116,32777.91,1.83,24,341,Quitado,2024-04-27
104,Consórcio,21215,20566.97,1.78,60,11,Ativo,2024-01-17
105,Investimento,26817,26292.65,0.83,36,347,Inadimplente,2025-01-04
106,Consórcio,25765,25133.01,1.34,12,400,Quitado,2025-06-07
107,Investimento,31112,30952.53,2.71,36,218,Ativo,2025-01-17
108,Empréstimo,26556,21390.96,1.16,12,445,Ativo,2025-01-08
109,Empréstimo,19099,18487.13,1.71,60,253,Quitado,2024-10-05
110,Financiamento,44553,42341.14,0.83,60,222,Quitado,2025-01-22
111,Investimento,46096,38985.18,1.85,48,383,Ativo,2024-03-20
112,Financiamento,7450,7384.92,0.85,48,369,Inadimplente,2025-06-11
113,Financiamento,14230,11805.71,2.6,48,80,Ativo,2023-12-28
114,Empréstimo,30009,28085.72,2.61,60,7,Ativo,2023-12-03
115,Consórcio,6433,5435.74,2.53,24,272,Inadimplente,2024-08-12
116,Consórcio,34866,30900.9,1.42,60,227,Inadimplente,2024-04-22
117,Financiamento,40864,38568.75,2.64,36,16,Quitado,2024-09-17
118,Empréstimo,19710,17988.63,1.99,60,424,Inadimplente,2025-05-20
119,Investimento,12439,11014.74,1.62,60,12,Ativo,2023-08-06
120,Consórcio,42855,37081.05,2.18,12,291,Inadimplente,2024-12-22
121,Financiamento,17021,16475.17,0.83,12,241,Ativo,2024-10-21
122,Consórcio,7416,6146.11,1.11,12,21,Ativo,2024-08-28
123,Consórcio,7980,7070.44,2.43,60,178,Ativo,2024-01-31
124,Investimento,19058,18691.16,1.34,24,427,Ativo,2025-06-22
125,Empréstimo,12101,11727.93,2.12,36,228,Ativo,2024-04-10
126,Investimento,41718,36719.7,1.65,36,496,Ativo,2024-10-10
127,Empréstimo,33602,32009.99,2.68,24,273,Ativo,2024-05-14
128,Consórcio,10122,9764.01,2.9,24,288,Ativo,2023-09-13
129,Financiamento,13576,13274.31,2.74,36,297,Quitado,2024-07-27
130,Investimento,28516,25918.23,1.4,48,134,Ativo,2025-01-14
131,Empréstimo,23433,19704.63,1.23,12,472,Ativo,2024-03-29
132,Consórcio,2089,1777.87,1.84,12,283,Quitado,2024-06-01
133,Empréstimo,38346,32944.54,0.82,36,404,Inadimplente,2024-09-13
134,Empréstimo,10127,9304.29,0.86,24,153,Quitado,2024-04-19
135,Empréstimo,11487,9264.98,2.02,48,66,Ativo,2025-04-05
136,Consórcio,1155,1070.93,1.94,36,137,Quitado,2024-04-25
137,Financiamento,2958,2581.95,2.99,12,92,Ativo,2024-04-07
138,Financiamento,11693,10044.85,1.24,60,437,Ativo,2024-02-16
139,Financiamento,40112,39145.27,1.37,24,317,Ativo,2024-03-23
140,Empréstimo,39547,35275.94,1.05,60,422,Inadimplente,2025-05-29
141,Consórcio,29795,24402.42,2.82,36,259,Ativo,2025-01-24
142,Empréstimo,22447,21669.2,2.51,12,468,Ativo,2024-07-07
143,Financiamento,37598,30436.64,2.61,48,454,Ativo,2025-03-14
144,Financiamento,42814,40474.21,2.79,60,103,Inadimplente,2023-09-03
145,Consórcio,26215,25029.59,1.95,48,481,Quitado,2025-06-10
146,Empréstimo,10794,9396.4,1.79,12,55,Ativo,2025-06-29
147,Investimento,34209,33010.23,1.53,60,257,Quitado,2024-07-16
148,Investimento,23424,21154.96,2.1,48,101,Quitado,2025-07-04
149,Financiamento,48246,43067.21,1.8,48,198,Quitado,2024-01-07
150,Consórcio,38396,31065.46,1.79,60,301,Ativo,2024-06-24
151,Empréstimo,7370,6323.5,2.86,12,226,Inadimplente,2024-05-23
152,Empréstimo,10528,10382.73,2.96,48,431,Ativo,2025-06-01
153,Financiamento,29276,25715.01,2.55,36,463,Quitado,2024-11-27
154,Financiamento,45333,41223.11,2.46,60,237,Ativo,2024-07-02
155,Empréstimo,9179,8319.89,2.3,24,26,Ativo,2023-12-18
156,Empréstimo,49781,45703.25,1.17,24,121,Ativo,2023-12-20
157,Financiamento,17843,14493.27,0.93,12,398,Quitado,2024-06-01
158,Empréstimo,24952,21769.0,2.32,36,182,Ativo,2025-06-01
159,Investimento,34160,32268.41,2.4,48,199,Quitado,2023-08-15
160,Financiamento,45898,38559.46,0.9,24,302,Ativo,2025-06-18
161,Empréstimo,30516,25655.28,2.84,12,255,Quitado,2024-03-19
162,Financiamento,11449,9182.31,1.0,36,122,Inadimplente,2024-12-26
163,Consórcio,22125,19635.86,1.43,36,31,Quitado,2023-10-18
164,Financiamento,8418,8220.57,2.28,12,472,Quitado,2025-04-11
165,Financiamento,23746,19243.29,1.17,12,315,Quitado,2024-05-15
166,Consórcio,3454,2895.22,0.92,48,479,Ativo,2024-02-05
167,Investimento,18761,16172.3,1.53,12,285,Inadimplente,2024-01-22
168,Empréstimo,16223,15352.55,2.49,48,106,Ativo,2025-06-07
169,Consórcio,7701,7147.51,1.71,48,224,Quitado,2025-03-27
170,Financiamento,3597,3176.83,2.24,60,273,Quitado,2024-10-09
171,Empréstimo,1141,1086.02,2.08,36,398,Ativo,2023-12-03
172,Consórcio,3659,3373.33,0.85,36,232,Ativo,2023-10-13
173,Empréstimo,21980,21523.0,2.97,36,420,Ativo,2024-11-22
174,Empréstimo,10031,9665.93,0.89,60,256,Inadimplente,2024-11-05
175,Consórcio,16037,13640.47,2.93,48,442,Inadimplente,2024-07-10
176,Empréstimo,47738,40781.99,2.01,48,496,Quitado,2025-03-28
177,Investimento,39429,32531.74,2.92,12,24,Quitado,2023-08-04
178,Consórcio,7142,6194.92,1.05,60,109,Inadimplente,2024-02-16
179,Investimento,13109,13107.8,1.88,12,191,Ativo,2023-12-15
180,Financiamento,23010,20275.27,1.17,60,347,Ativo,2023-11-20
181,Empréstimo,9787,8261.18,0.91,12,25,Quitado,2025-07-02
182,Financiamento,43864,41780.31,2.16,24,187,Inadimplente,2025-03-18
183,Financiamento,9472,8605.26,1.26,36,288,Inadimplente,2024-05-19
184,Empréstimo,24383,20235.95,2.09,36,116,Ativo,2024-09-22
185,Consórcio,5249,4598.85,1.05,48,338,Ativo,2024-04-28
186,Empréstimo,48717,43011.94,1.53,24,366,Ativo,2024-09-15
187,Financiamento,35518,33769.3,2.52,36,402,Ativo,2023-11-26
188,Financiamento,19351,15560.8,1.76,48,37,Ativo,2024-04-08
189,Consórcio,5088,4344.15,2.18,24,282,Quitado,2024-10-30
190,Empréstimo,16282,14711.1,2.22,36,137,Ativo,2024-07-21
191,Financiamento,20330,17357.13,2.66,12,227,Inadimplente,2024-10-23
192,Investimento,43409,40183.14,1.51,60,320,Ativo,2024-04-26
193,Financiamento,22778,20417.6,2.31,24,328,Quitado,2024-12-30
194,Financiamento,25264,22038.85,2.92,48,404,Ativo,2025-06-03
195,Consórcio,6075,6013.29,2.41,24,182,Ativo,2023-12-26
196,Investimento,11412,10572.44,1.88,48,362,Ativo,2024-05-01
197,Financiamento,49454,40848.42,2.19,24,86,Inadimplente,2025-06-04
198,Financiamento,29365,26781.42,2.43,48,467,Inadimplente,2024-06-17
199,Investimento,8230,7869.08,2.15,36,414,Ativo,2023-11-18
200,Empréstimo,49200,46331.54,0.84,12,53,Ativo,2024-06-29
201,Empréstimo,12002,10014.68,1.23,36,348,Inadimplente,2024-08-03
202,Financiamento,14947,14864.55,2.58,12,355,Ativo,2024-01-14
203,Financiamento,14686,13067.06,1.4,36,235,Ativo,2023-10-31
204,Empréstimo,30304,25207.02,2.41,36,447,Quitado,2023-12-11
205,Consórcio,14074,11766.42,1.62,24,267,Inadimplente,2024-10-23
206,Investimento,5493,4502.32,1.95,60,287,Ativo,2025-01-02
207,Investimento,35228,33843.67,0.95,48,433,Ativo,2025-03-09
208,Consórcio,15140,12481.51,1.2,48,496,Inadimplente,2024-07-31
209,Consórcio,32655,26941.19,2.91,48,487,Ativo,2024-09-05
210,Consórcio,44472,43142.03,2.76,12,100,Ativo,2024-01-10
211,Consórcio,7816,6791.49,2.24,48,478,Quitado,2024-11-07
212,Consórcio,12639,10189.2,1.81,48,87,Inadimplente,2024-01-15
213,Consórcio,48192,39053.79,2.29,24,403,Ativo,2025-07-10
214,Investimento,47733,39543.64,2.16,36,396,Inadimplente,2025-01-16
215,Consórcio,30492,25694.96,2.05,48,15,Quitado,2024-11-03
216,Empréstimo,12240,11420.28,0.93,60,415,Ativo,2024-08-08
217,Consórcio,33698,28018.72,2.19,48,427,Inadimplente,2024-01-22
218,Consórcio,27957,23030.27,2.49,12,101,Ativo,2023-08-07
219,Investimento,33808,32217.12,2.99,12,165,Ativo,2024-09-19
220,Investimento,6827,6377.86,0.82,12,463,Quitado,2024-01-12
221,Consórcio,33762,29949.08,2.41,48,29,Ativo,2024-07-23
222,Investimento,9259,8424.41,2.06,24,114,Ativo,2024-12-15
223,Financiamento,15849,13668.13,1.75,60,107,Ativo,2024-12-09
224,Investimento,17232,15448.49,1.08,48,410,Ativo,2025-05-09
225,Investimento,41572,37470.28,1.7,24,364,Inadimplente,2024-10-12
226,Investimento,25173,22087.98,1.58,24,130,Quitado,2023-09-07
227,Investimento,6374,6254.9,1.47,48,84,Inadimplente,2024-01-22
228,Empréstimo,22174,17810.43,2.41,48,271,Ativo,2023-12-12
229,Empréstimo,24567,23496.72,2.34,24,244,Ativo,2024-03-16
230,Empréstimo,36292,29936.42,2.1,24,388,Ativo,2024-09-01
231,Consórcio,10277,9860.88,2.87,24,214,Ativo,2023-12-08
232,Consórcio,32600,30095.75,1.57,48,306,Ativo,2025-01-22
233,Financiamento,10885,10543.82,1.34,24,166,Quitado,2024-04-29
234,Empréstimo,1778,1457.08,2.24,12,279,Inadimplente,2025-04-11
235,Consórcio,30165,27504.33,1.24,48,59,Inadimplente,2024-06-27
236,Investimento,2492,2243.34,1.49,12,90,Ativo,2024-08-05
237,Investimento,31462,29613.25,1.29,36,371,Inadimplente,2024-10-17
238,Empréstimo,14615,13253.73,0.95,48,331,Ativo,2024-07-24
239,Financiamento,45900,41683.94,2.62,36,412,Ativo,2024-07-07
240,Financiamento,43946,38932.6,1.36,24,194,Inadimplente,2024-04-26
241,Investimento,8851,7627.5,1.84,24,123,Quitado,2024-03-01
242,Financiamento,17288,15497.88,0.9,60,136,Ativo,2024-01-22
243,Empréstimo,8156,6718.08,2.34,24,413,Ativo,2024-05-24
244,Investimento,3044,3020.57,1.53,36,139,Ativo,2023-09-13
245,Consórcio,8368,7890.04,2.44,24,229,Quitado,2023-12-03
246,Consórcio,20900,20701.31,1.71,48,274,Ativo,2024-01-30
247,Financiamento,31600,26712.92,1.23,24,439,Inadimplente,2024-09-15
248,Investimento,47403,46259.08,1.93,60,50,Ativo,2024-10-07
249,Investimento,26634,25615.46,1.09,24,398,Ativo,2025-04-07
250,Consórcio,10168,9511.46,1.77,36,118,Ativo,2024-03-27
251,Investimento,21961,20314.05,1.5,36,202,Quitado,2024-05-29
252,Investimento,45096,38931.82,2.81,24,483,Ativo,2025-01-14
253,Investimento,47087,45358.07,0.93,36,393,Quitado,2024-06-03
254,Financiamento,24852,22374.33,2.33,36,483,Inadimplente,2024-08-01
255,Investimento,34110,27771.62,1.2,60,395,Inadimplente,2024-09-17
256,Empréstimo,33174,28614.98,1.5,48,191,Inadimplente,2024-10-07
257,Financiamento,35215,34759.3,1.71,60,364,Inadimplente,2024-01-18
258,Investimento,27955,27120.15,2.8,12,460,Quitado,2024-05-22
259,Investimento,7581,7553.57,1.33,60,323,Inadimplente,2025-03-03
260,Empréstimo,45619,42224.89,1.0,24,181,Ativo,2025-06-15
261,Financiamento,7317,6215.81,1.5,48,423,Ativo,2024-03-04
262,Consórcio,43856,36512.88,1.03,24,78,Ativo,2024-04-13
263,Consórcio,46714,39117.5,1.08,12,440,Ativo,2024-09-14
264,Financiamento,27649,22228.67,2.06,48,412,Ativo,2024-01-17
265,Investimento,24132,21191.19,0.93,36,75,Inadimplente,2023-08-11
266,Investimento,17789,14912.26,0.87,60,295,Ativo,2023-10-14
267,Consórcio,15567,13735.25,2.37,24,281,Ativo,2025-06-24
268,Consórcio,15868,15661.7,1.6,12,21,Quitado,2024-09-24
269,Consórcio,25370,22480.56,1.08,36,394,Ativo,2024-04-13
270,Empréstimo,43533,42470.66,1.36,60,171,Ativo,2024-11-07
271,Consórcio,31483,28999.02,2.21,36,15,Ativo,2024-04-17
272,Empréstimo,13466,11438.37,1.41,60,211,Ativo,2025-03-16
273,Financiamento,29803,25963.51,1.89,48,48,Ativo,2023-11-05
274,Investimento,19230,15706.75,1.07,36,86,Quitado,2025-07-24
275,Consórcio,18862,16347.55,2.09,36,149,Quitado,2025-01-16
276,Investimento,44355,41494.47,1.5,36,188,Ativo,2024-11-20
277,Investimento,32259,26272.45,2.18,48,372,Ativo,2025-07-04
278,Consórcio,34539,29050.07,2.58,12,492,Ativo,2023-08-16
279,Consórcio,22909,20074.89,2.15,60,480,Quitado,2024-08-15
280,Financiamento,31795,31680.85,1.45,36,306,Ativo,2023-07-30
281,Empréstimo,9770,9349.62,1.36,48,151,Ativo,2025-03-21
282,Empréstimo,12093,11448.41,1.52,12,141,Quitado,2024-11-23
283,Investimento,47571,39162.26,1.16,60,69,Ativo,2025-02-23
284,Consórcio,1193,1140.75,1.2,48,260,Ativo,2024-05-11
285,Financiamento,35775,34238.6,2.54,60,476,Ativo,2024-12-26
286,Financiamento,18569,17087.58,1.65,36,334,Inadimplente,2025-04-12
287,Financiamento,12190,12166.5,1.76,12,456,Inadimplente,2024-02-27
288,Financiamento,43752,37847.7,2.11,48,9,Quitado,2025-03-19
289,Financiamento,33327,32935.56,2.1,12,121,Ativo,2025-05-01
290,Empréstimo,43070,42335.49,0.95,36,371,Quitado,2024-09-06
291,Empréstimo,21389,17160.31,2.63,12,419,Inadimplente,2024-11-15
292,Empréstimo,41197,36666.29,1.19,12,101,Inadimplente,2025-01-19
293,Consórcio,3261,3246.07,2.39,24,149,Ativo,2025-04-16
294,Investimento,29369,24100.91,2.5,12,442,Inadimplente,2025-02-25
295,Financiamento,27512,25023.73,2.37,60,146,Ativo,2024-06-17
296,Consórcio,7716,7683.53,2.07,48,353,Ativo,2025-07-01
297,Financiamento,22259,20280.15,0.83,24,456,Quitado,2024-02-28
298,Empréstimo,29933,25082.75,1.59,48,243,Ativo,2023-09-10
299,Consórcio,42689,39121.76,2.13,48,241,Inadimplente,2024-05-05
300,Empréstimo,5378,4522.3,1.65,36,337,Ativo,2024-01-08
301,Financiamento,41583,37588.57,2.7,36,43,Quitado,2024-04-23
302,Financiamento,47546,38740.88,1.48,24,95,Inadimplente,2025-02-25
303,Investimento,20835,19191.05,1.45,36,226,Inadimplente,2025-06-17
304,Financiamento,30033,27130.55,1.39,36,6,Ativo,2023-12-23
305,Empréstimo,25000,23700.81,1.53,36,214,Ativo,2023-11-25
306,Financiamento,46496,43061.81,2.03,48,206,Quitado,2023-10-12
307,Investimento,11332,10311.23,2.36,24,67,Ativo,2023-12-18
308,Investimento,43604,40898.62,2.26,48,396,Inadimplente,2024-10-07
309,Empréstimo,3800,3149.4,2.58,60,100,Inadimplente,2023-09-24
310,Consórcio,30538,28066.62,2.75,48,12,Ativo,2024-08-02
311,Financiamento,31119,25966.38,2.6,60,237,Ativo,2025-06-23
312,Investimento,9333,9193.98,0.84,12,322,Ativo,2024-11-30
313,Financiamento,6410,5215.6,2.42,12,258,Inadimplente,2025-04-11
314,Financiamento,18839,16692.77,1.26,60,399,Ativo,2023-09-26
315,Consórcio,31519,29601.37,1.09,60,407,Ativo,2023-08-21
316,Investimento,6808,6070.04,2.2,48,413,Ativo,2025-06-11
317,Financiamento,7796,6380.39,1.5,60,337,Quitado,2024-09-21
318,Investimento,22180,20198.79,0.93,24,480,Ativo,2024-06-24
319,Empréstimo,44056,40898.35,1.1,12,135,Ativo,2023-09-25
320,Empréstimo,18709,17600.65,0.8,12,222,Inadimplente,2023-08-17
321,Financiamento,18543,16218.67,2.79,60,156,Inadimplente,2024-01-22
322,Investimento,38418,35065.34,0.85,36,142,Quitado,2023-12-14
323,Financiamento,30075,26770.88,1.26,36,428,Ativo,2025-02-11
324,Investimento,38755,36213.11,1.72,60,158,Ativo,2025-04-10
325,Investimento,48968,44889.52,1.58,24,465,Quitado,2023-09-19
326,Consórcio,38465,34816.64,2.81,36,416,Ativo,2023-11-03
327,Consórcio,31502,26773.7,0.89,60,494,Inadimplente,2024-07-19
328,Consórcio,17724,14186.36,1.93,24,326,Quitado,2025-05-06
329,Financiamento,4828,4030.49,2.3,24,371,Ativo,2024-11-15
330,Consórcio,18087,14893.07,2.85,48,344,Inadimplente,2023-08-23
331,Consórcio,13605,12105.96,2.16,24,262,Inadimplente,2024-08-09
332,Empréstimo,32337,29829.32,2.57,36,283,Ativo,2024-01-19
333,Investimento,6482,5461.84,0.98,36,338,Quitado,2025-07-29
334,Investimento,28005,27663.66,1.65,60,344,Ativo,2025-04-01
335,Consórcio,23760,19039.75,1.62,60,229,Ativo,2024-06-30
336,Investimento,6463,6168.68,2.75,24,376,Ativo,2024-09-05
337,Empréstimo,47628,44057.85,1.13,12,280,Quitado,2024-11-23
338,Empréstimo,5912,5171.29,1.13,48,358,Inadimplente,2025-04-02
339,Consórcio,5648,4575.43,1.52,12,290,Quitado,2023-08-21
340,Empréstimo,34623,32043.49,0.92,24,168,Ativo,2025-01-26
341,Investimento,36634,32132.51,1.2,24,47,Quitado,2024-03-14
342,Financiamento,45602,45020.73,2.92,12,463,Ativo,2023-12-26
343,Investimento,4112,3735.33,1.74,48,203,Inadimplente,2023-11-09
344,Financiamento,23054,22775.75,2.19,12,214,Ativo,2023-10-04
345,Consórcio,5492,4635.78,2.4,60,246,Ativo,2025-04-19
346,Financiamento,23207,21933.98,1.61,36,24,Ativo,2025-07-24
347,Empréstimo,16114,14880.47,1.12,60,321,Quitado,2025-04-27
348,Investimento,35285,33446.0,1.25,36,274,Ativo,2024-05-30
349,Financiamento,17018,14345.04,1.49,24,44,Quitado,2024-12-05
350,Investimento,22386,20886.11,2.2,48,332,Ativo,2024-01-03
351,Consórcio,18740,16858.66,1.68,12,313,Ativo,2024-11-03
352,Consórcio,45199,42874.19,0.81,48,363,Ativo,2024-11-22
353,Empréstimo,9210,7970.42,1.95,12,156,Inadimplente,2025-07-27
354,Consórcio,45363,44365.53,2.83,60,488,Inadimplente,2024-06-10
355,Financiamento,46639,38097.55,2.59,60,380,Ativo,2025-07-12
356,Consórcio,13743,13213.04,2.62,12,199,Ativo,2023-10-26
357,Empréstimo,43092,41896.8,2.55,48,407,Ativo,2024-10-11
358,Investimento,45299,43643.34,1.51,12,469,Quitado,2023-10-31
359,Investimento,7588,6848.51,2.48,24,162,Ativo,2023-11-28
360,Consórcio,4311,3826.78,1.11,60,395,Inadimplente,2025-05-07
361,Financiamento,23432,23414.48,2.25,24,470,Inadimplente,2023-12-10
362,Empréstimo,34755,29396.97,2.21,60,234,Ativo,2023-11-04
363,Financiamento,4321,3929.41,0.86,60,163,Ativo,2024-09-09
364,Empréstimo,16812,15704.68,2.53,36,116,Inadimplente,2025-06-23
365,Consórcio,38383,36086.68,2.79,24,93,Inadimplente,2025-06-02
366,Empréstimo,49280,41434.87,1.39,24,42,Ativo,2025-03-11
367,Empréstimo,14146,13167.08,2.59,36,284,Ativo,2024-07-09
368,Consórcio,14654,14121.68,0.98,48,379,Ativo,2024-03-13
369,Financiamento,36820,29824.34,2.12,24,210,Ativo,2024-01-23
370,Consórcio,1726,1695.46,1.87,12,206,Ativo,2025-06-11
371,Empréstimo,4760,3836.09,2.0,36,466,Ativo,2025-04-20
372,Consórcio,23190,20202.99,2.84,24,220,Quitado,2025-07-17
373,Empréstimo,2875,2309.09,2.72,48,280,Ativo,2023-10-18
374,Consórcio,24377,19877.71,2.53,24,136,Ativo,2023-11-05
375,Investimento,47737,46888.89,1.4,60,106,Ativo,2025-06-02
376,Investimento,5033,4383.6,2.81,12,118,Inadimplente,2024-01-28
377,Consórcio,39211,34699.94,1.01,36,237,Inadimplente,2024-08-19
378,Financiamento,18373,15489.7,2.68,60,309,Ativo,2025-01-31
379,Empréstimo,4744,4361.72,1.52,48,456,Ativo,2025-04-15
380,Investimento,25995,23888.38,0.92,60,388,Inadimplente,2023-11-26
381,Financiamento,17977,15719.81,2.27,60,475,Ativo,2023-12-12
382,Empréstimo,33402,28946.41,1.31,48,100,Ativo,2025-05-29
383,Investimento,35542,34724.28,1.34,60,261,Ativo,2024-05-05
384,Investimento,11651,10213.93,1.47,36,481,Ativo,2023-08-06
385,Consórcio,34703,31187.59,0.94,24,305,Ativo,2023-10-23
386,Empréstimo,14395,12331.63,1.19,60,354,Inadimplente,2025-04-07
387,Financiamento,30808,29494.16,0.81,36,286,Quitado,2025-01-18
388,Financiamento,37576,33047.7,1.78,24,328,Ativo,2024-11-19
389,Financiamento,17715,15991.72,0.99,24,103,Inadimplente,2023-08-12
390,Empréstimo,45409,38628.14,2.3,60,63,Ativo,2023-08-06
391,Financiamento,25306,25243.54,1.32,36,175,Ativo,2024-02-21
392,Financiamento,20086,17239.8,2.88,60,282,Quitado,2024-07-25
393,Financiamento,15376,14670.99,2.72,48,441,Quitado,2025-03-17
394,Consórcio,6889,6100.2,1.44,24,293,Ativo,2025-02-17
395,Consórcio,38822,32658.75,2.52,60,226,Ativo,2025-04-11
396,Empréstimo,37636,36128.44,2.57,24,7,Quitado,2023-10-13
397,Empréstimo,21584,18707.31,2.97,36,127,Quitado,2025-04-21
398,Financiamento,35610,34649.91,2.12,12,424,Quitado,2025-01-21
399,Consórcio,11058,10870.58,0.98,60,92,Ativo,2025-04-22
400,Investimento,10101,9817.82,2.22,60,423,Ativo,2025-03-16
401,Investimento,13497,10892.1,2.17,24,190,Ativo,2024-07-07
402,Financiamento,5658,5417.39,2.2,36,359,Ativo,2025-05-10
403,Financiamento,12381,10923.36,1.48,48,476,Inadimplente,2025-07-11
404,Consórcio,41312,40268.65,2.69,36,462,Ativo,2023-12-06
405,Consórcio,41486,38482.03,2.91,60,53,Ativo,2025-06-10
406,Consórcio,47619,46034.65,1.28,48,242,Quitado,2025-04-04
407,Empréstimo,18154,16336.54,0.99,36,486,Ativo,2024-11-12
408,Empréstimo,20539,18628.98,1.23,12,132,Ativo,2024-04-28
409,Financiamento,12777,10590.57,2.61,24,490,Inadimplente,2025-03-05
410,Empréstimo,35396,33866.8,2.29,36,466,Inadimplente,2025-02-17
411,Consórcio,31373,27729.9,2.2,36,364,Quitado,2023-11-22
412,Consórcio,34154,30739.15,1.68,12,112,Ativo,2024-04-02
413,Empréstimo,7031,6728.8,2.07,60,409,Quitado,2024-10-02
414,Investimento,28997,26670.54,1.48,24,7,Quitado,2025-07-26
415,Financiamento,7439,6250.39,1.85,36,230,Ativo,2023-10-30
416,Investimento,23785,21835.74,2.54,48,156,Ativo,2024-02-27
417,Financiamento,14392,12686.93,2.96,36,197,Inadimplente,2023-12-25
418,Investimento,29669,26521.27,2.85,24,323,Ativo,2024-07-08
419,Empréstimo,29939,24120.72,2.85,36,364,Quitado,2024-09-15
420,Financiamento,3282,2763.46,1.68,12,223,Ativo,2024-06-30
421,Financiamento,35624,30501.54,1.83,36,367,Ativo,2024-12-05
422,Financiamento,49438,46599.86,2.35,36,490,Ativo,2024-03-21
423,Consórcio,25364,20349.5,2.83,48,250,Inadimplente,2024-04-27
424,Consórcio,2998,2643.5,1.11,12,404,Ativo,2024-08-06
425,Investimento,32705,32208.06,1.47,12,83,Quitado,2025-01-31
426,Empréstimo,39244,32273.33,1.11,36,240,Quitado,2024-04-06
427,Consórcio,10428,9419.45,2.15,48,380,Quitado,2025-02-20
428,Financiamento,38437,36795.91,1.47,36,395,Inadimplente,2024-07-08
429,Consórcio,13336,13182.72,1.52,36,360,Quitado,2023-11-05
430,Empréstimo,10342,9818.23,0.96,24,323,Ativo,2024-10-07
431,Consórcio,40832,38550.03,1.57,24,471,Inadimplente,2024-12-18
432,Financiamento,8446,8152.9,2.7,48,263,Quitado,2024-01-16
433,Investimento,39392,35028.95,1.31,60,407,Ativo,2025-02-25
434,Financiamento,8461,8132.45,2.33,24,189,Ativo,2025-06-09
435,Empréstimo,35587,28526.29,2.19,60,455,Inadimplente,2023-10-26
436,Investimento,11516,11342.25,2.7,12,366,Ativo,2025-01-08
437,Consórcio,14749,13106.87,1.09,24,290,Quitado,2024-07-06
438,Consórcio,18514,16860.26,2.95,24,362,Ativo,2024-03-28
439,Consórcio,36426,30997.67,2.08,48,403,Ativo,2023-08-18
440,Investimento,37268,35348.93,2.99,60,58,Quitado,2023-10-27
441,Financiamento,25950,21157.74,2.81,24,9,Ativo,2025-03-22
442,Investimento,35888,34973.83,1.29,24,304,Ativo,2024-04-15
443,Investimento,37788,36488.98,0.92,48,115,Quitado,2023-10-18
444,Empréstimo,11213,9454.94,1.36,48,210,Ativo,2024-01-23
445,Investimento,37027,35614.97,1.96,60,41,Quitado,2023-10-01
446,Consórcio,29011,27771.4,1.18,12,304,Inadimplente,2023-12-31
447,Financiamento,43849,40623.61,1.17,12,173,Quitado,2023-12-25
448,Financiamento,35591,31131.59,1.82,36,234,Ativo,2025-03-18
449,Financiamento,18858,16110.38,0.87,24,281,Ativo,2023-11-22
450,Consórcio,19626,16610.6,1.07,60,372,Quitado,2023-12-30
451,Consórcio,14467,12495.46,1.71,24,78,Inadimplente,2025-06-09
452,Consórcio,40758,39971.85,0.94,60,108,Inadimplente,2024-07-07
453,Consórcio,4134,3371.39,1.67,60,281,Inadimplente,2025-07-14
454,Consórcio,17743,17135.73,1.84,60,403,Ativo,2024-05-22
455,Investimento,16434,14293.93,1.79,24,39,Ativo,2023-08-10
456,Consórcio,48775,44108.2,2.71,48,119,Ativo,2025-02-11
457,Consórcio,11233,10771.29,1.97,24,335,Ativo,2023-10-19
458,Consórcio,2141,2091.49,1.83,60,336,Ativo,2025-02-14
459,Consórcio,19019,16526.68,1.7,36,27,Inadimplente,2025-01-14
460,Financiamento,21384,19082.41,2.6,12,104,Ativo,2024-04-18
461,Consórcio,43903,38762.1,2.77,60,74,Ativo,2024-10-20
462,Investimento,46734,37511.05,2.68,36,191,Ativo,2024-07-31
463,Investimento,37129,31900.81,2.28,48,324,Inadimplente,2025-07-08
464,Investimento,23967,21374.68,1.1,60,499,Quitado,2025-02-16
465,Empréstimo,41603,36702.95,1.41,36,147,Quitado,2025-06-17
466,Financiamento,12172,11495.06,0.9,60,255,Inadimplente,2025-02-24
467,Consórcio,17390,15250.35,2.85,24,284,Ativo,2024-09-12
468,Empréstimo,4267,3831.23,2.25,36,213,Quitado,2024-03-01
469,Consórcio,40332,35730.99,2.44,24,123,Ativo,2025-01-16
470,Empréstimo,27167,25757.72,1.49,24,495,Ativo,2024-04-20
471,Empréstimo,22312,21700.53,2.66,36,206,Inadimplente,2025-03-24
472,Investimento,28840,26139.94,1.37,12,417,Quitado,2024-10-22
473,Investimento,19990,19148.15,0.8,36,240,Ativo,2025-07-06
474,Empréstimo,45179,38824.91,1.63,12,394,Ativo,2024-02-21
475,Investimento,6906,6272.54,2.06,60,339,Quitado,2024-08-02
476,Empréstimo,49796,43275.01,1.85,60,286,Ativo,2025-06-07
477,Financiamento,41379,36531.04,2.7,36,22,Ativo,2023-07-30
478,Investimento,18297,17317.8,1.03,60,259,Ativo,2023-11-19
479,Investimento,3011,2939.74,2.02,48,357,Ativo,2024-03-05
480,Investimento,45014,37105.0,1.93,24,105,Inadimplente,2025-03-26
481,Financiamento,47558,44082.83,1.42,24,466,Ativo,2023-08-08
482,Empréstimo,12738,11673.47,2.61,12,459,Ativo,2024-06-11
483,Consórcio,29797,24543.28,2.46,60,432,Quitado,2023-08-11
484,Investimento,48498,40853.69,2.41,12,258,Inadimplente,2024-04-06
485,Empréstimo,12120,10449.87,2.73,24,204,Ativo,2024-02-15
486,Financiamento,9767,8139.68,2.39,24,310,Ativo,2025-07-13
487,Consórcio,23852,20244.29,1.31,60,262,Ativo,2024-12-31
488,Investimento,14703,12549.31,2.35,48,107,Quitado,2025-07-04
489,Financiamento,1929,1672.7,1.48,48,251,Quitado,2023-11-08
490,Financiamento,12951,12301.87,1.33,60,424,Inadimplente,2023-08-29
491,Consórcio,27039,24723.99,0.96,60,492,Inadimplente,2024-01-11
492,Empréstimo,49613,49476.53,2.44,12,221,Quitado,2024-11-05
493,Investimento,30504,26933.42,2.36,60,379,Quitado,2024-01-12
494,Investimento,18438,17530.35,1.32,48,222,Ativo,2024-08-16
495,Empréstimo,49515,48242.15,2.45,60,258,Ativo,2025-06-29
496,Empréstimo,6744,6311.01,2.82,12,201,Inadimplente,2023-07-30
497,Empréstimo,19284,17015.68,1.04,12,367,Ativo,2023-10-21
498,Consórcio,43417,41277.36,1.31,12,258,Ativo,2025-01-16
499,Consórcio,40748,34258.21,2.45,12,349,Quitado,2024-06-25
500,Investimento,8069,6983.8,1.4,36,225,Ativo,2025-04-05
501,Consórcio,43359,39427.95,2.17,60,202,Quitado,2024-04-29
502,Financiamento,20799,19032.79,0.98,24,226,Quitado,2025-03-10
503,Investimento,34210,27519.49,1.79,60,236,Ativo,2024-09-17
504,Consórcio,29226,28905.18,2.43,36,183,Inadimplente,2024-08-13
505,Empréstimo,5652,5309.07,2.31,12,200,Ativo,2023-10-07
506,Financiamento,25323,22768.94,2.59,36,357,Ativo,2023-11-18
507,Empréstimo,43138,42561.05,2.73,48,246,Quitado,2024-07-11
508,Investimento,8597,7632.58,2.5,48,444,Quitado,2025-04-04
509,Empréstimo,48093,47904.82,2.28,60,353,Quitado,2023-08-15
510,Consórcio,38226,34497.32,0.87,60,111,Ativo,2024-04-26
511,Consórcio,7591,6246.31,1.98,24,6,Quitado,2024-03-17
512,Investimento,26833,25570.78,0.88,24,236,Ativo,2025-03-20
513,Empréstimo,12826,12002.31,2.58,48,127,Inadimplente,2025-01-24
514,Investimento,27417,26172.2,1.51,12,104,Ativo,2024-09-01
515,Empréstimo,19693,19501.75,2.04,36,237,Quitado,2025-07-01
516,Financiamento,15138,14461.3,1.41,24,403,Ativo,2023-12-07
517,Consórcio,3169,2922.67,2.52,24,480,Ativo,2024-03-03
518,Investimento,19556,18997.91,2.75,12,155,Ativo,2024-06-21
519,Financiamento,23052,21545.54,1.68,12,257,Inadimplente,2024-01-27
520,Financiamento,7313,6447.31,2.7,60,235,Quitado,2024-12-11
521,Investimento,9315,9101.91,1.39,36,500,Inadimplente,2024-10-23
522,Investimento,9036,7629.82,1.98,12,289,Ativo,2024-08-19
523,Financiamento,32778,30907.3,2.69,24,40,Ativo,2023-11-08
524,Empréstimo,28734,28053.37,1.52,24,288,Ativo,2024-07-08
525,Financiamento,24173,22874.02,2.9,48,197,Inadimplente,2024-11-30
526,Investimento,31403,29501.71,1.07,12,273,Ativo,2023-12-11
527,Financiamento,1785,1696.69,0.84,60,382,Inadimplente,2024-10-25
528,Empréstimo,7139,6375.21,2.79,36,264,Inadimplente,2023-09-14
529,Consórcio,7344,7159.18,0.95,60,57,Inadimplente,2024-10-16
530,Consórcio,19800,16645.61,2.98,24,298,Quitado,2024-05-30
531,Financiamento,26372,21769.49,2.89,60,98,Quitado,2024-11-03
532,Empréstimo,21538,18460.26,1.1,24,137,Quitado,2024-03-25
533,Consórcio,15973,14476.58,1.98,24,376,Ativo,2024-09-06
534,Financiamento,6619,5971.08,1.21,24,87,Quitado,2024-12-29
535,Financiamento,35704,34422.93,1.74,24,419,Ativo,2024-06-19
536,Empréstimo,37575,33100.33,0.94,24,242,Ativo,2023-09-17
537,Investimento,40919,36698.98,1.29,48,199,Ativo,2024-08-15
538,Financiamento,43261,34724.46,1.6,60,463,Ativo,2024-09-25
539,Investimento,46123,40678.08,1.77,48,437,Ativo,2025-03-26
540,Investimento,28716,26693.1,2.95,48,310,Ativo,2025-07-11
541,Consórcio,4236,3401.94,2.58,12,84,Quitado,2025-04-22
542,Investimento,16848,14424.86,2.42,12,242,Ativo,2023-08-29
543,Empréstimo,3352,2821.01,1.98,12,281,Quitado,2025-04-21
544,Consórcio,2932,2370.22,2.65,36,323,Ativo,2024-06-24
545,Consórcio,11913,10672.29,1.55,12,252,Quitado,2023-12-16
546,Consórcio,9556,7992.11,2.36,60,190,Quitado,2024-08-15
547,Financiamento,22300,21154.14,2.99,48,439,Quitado,2024-04-17
548,Financiamento,6498,6300.37,1.49,60,430,Quitado,2024-10-12
549,Investimento,11582,10529.39,2.28,12,152,Ativo,2023-09-30
550,Consórcio,47633,47458.73,2.66,36,482,Quitado,2023-10-03
551,Consórcio,10569,9407.42,2.81,36,302,Ativo,2024-02-16
552,Empréstimo,5857,5286.96,2.38,48,278,Ativo,2024-11-15
553,Investimento,1340,1337.11,1.42,60,139,Quitado,2023-10-13
554,Empréstimo,44949,38040.77,1.52,24,176,Ativo,2023-08-10
555,Investimento,17766,17561.85,0.85,60,8,Quitado,2024-11-16
556,Investimento,27132,21938.05,2.47,12,295,Quitado,2025-02-24
557,Financiamento,9491,8440.13,0.89,24,235,Ativo,2024-06-18
558,Financiamento,1138,926.33,2.7,36,163,Ativo,2024-03-13
559,Empréstimo,1358,1284.46,1.06,48,49,Ativo,2025-02-28
560,Investimento,10714,9874.9,1.18,48,302,Inadimplente,2024-01-31
561,Consórcio,20840,19617.25,1.85,36,38,Quitado,2023-09-18
562,Financiamento,35395,30966.95,2.42,12,136,Ativo,2023-09-10
563,Consórcio,31654,27662.32,1.11,36,310,Ativo,2024-02-26
564,Empréstimo,26879,21746.83,1.77,12,421,Quitado,2025-07-23
565,Financiamento,16996,14786.33,1.86,24,219,Inadimplente,2025-04-14
566,Financiamento,38772,38223.67,1.27,36,348,Ativo,2024-12-14
567,Investimento,27762,24315.22,1.05,12,296,Ativo,2025-03-13
568,Empréstimo,14283,13801.28,2.64,24,34,Inadimplente,2025-06-14
569,Investimento,40420,39145.36,1.91,36,352,Ativo,2025-07-02
570,Financiamento,20554,17977.52,0.83,48,79,Ativo,2023-12-08
571,Empréstimo,21219,19657.23,2.57,36,236,Inadimplente,2024-12-11
572,Financiamento,35919,29420.33,2.96,60,383,Quitado,2024-07-10
573,Empréstimo,10429,8559.45,2.13,36,273,Ativo,2025-07-02
574,Financiamento,47840,38737.56,1.91,60,161,Ativo,2024-03-30
575,Consórcio,45695,41865.9,2.73,24,175,Ativo,2023-10-19
576,Consórcio,40673,36004.32,2.9,36,366,Ativo,2024-06-21
577,Investimento,20218,18390.42,2.46,24,308,Inadimplente,2024-05-06
578,Consórcio,13452,12163.5,1.78,24,374,Ativo,2024-02-24
579,Financiamento,49980,43484.63,2.1,12,464,Quitado,2025-06-15
580,Financiamento,19951,18664.05,2.34,24,221,Inadimplente,2024-12-10
581,Consórcio,2307,2195.57,1.23,24,9,Ativo,2023-08-19
582,Investimento,15852,12727.98,1.78,36,289,Ativo,2025-04-11
583,Consórcio,26232,22072.88,2.63,36,444,Quitado,2025-04-05
584,Empréstimo,36428,34338.75,2.24,48,113,Inadimplente,2024-11-30
585,Empréstimo,44171,38752.28,1.7,12,477,Inadimplente,2025-04-19
586,Empréstimo,27485,25629.67,2.26,24,205,Ativo,2024-11-21
587,Consórcio,11238,9770.23,1.06,12,405,Quitado,2024-08-15
588,Consórcio,39975,35104.09,1.68,60,186,Quitado,2024-08-24
589,Consórcio,2140,1779.91,2.54,24,341,Inadimplente,2024-09-23
590,Empréstimo,25842,22008.24,1.29,12,197,Ativo,2024-08-08
591,Investimento,27421,25257.0,1.21,48,266,Quitado,2025-06-16
592,Financiamento,2708,2401.0,2.89,48,262,Inadimplente,2023-11-09
593,Consórcio,4630,4421.0,1.26,24,248,Ativo,2024-10-01
594,Investimento,20595,19987.8,1.37,60,115,Ativo,2024-04-08
595,Financiamento,11485,10432.16,2.93,48,121,Ativo,2023-10-11
596,Financiamento,29308,27891.06,2.42,48,141,Ativo,2024-03-30
597,Financiamento,45789,39441.77,2.34,60,65,Ativo,2023-09-03
598,Investimento,27086,23916.78,2.68,12,276,Inadimplente,2023-11-01
599,Investimento,17859,16833.1,1.05,48,313,Ativo,2024-05-07
600,Empréstimo,8684,7617.97,2.35,36,239,Ativo,2025-01-23
601,Investimento,26552,24366.8,1.91,48,302,Quitado,2023-08-07
602,Investimento,2207,1847.42,2.62,12,392,Ativo,2024-01-08
603,Investimento,47099,43328.93,1.92,12,10,Ativo,2024-04-15
604,Financiamento,2960,2878.02,2.16,24,457,Quitado,2024-01-06
605,Consórcio,1557,1516.09,1.85,36,369,Inadimplente,2025-03-22
606,Empréstimo,30689,28997.08,1.85,12,233,Quitado,2024-12-15
607,Consórcio,49651,47126.28,2.49,60,195,Quitado,2025-01-03
608,Consórcio,14893,13576.24,2.18,36,395,Ativo,2023-11-10
609,Investimento,33272,30508.22,2.19,36,12,Inadimplente,2024-02-19
610,Empréstimo,1882,1555.91,1.79,60,394,Ativo,2024-03-11
611,Consórcio,38529,34243.49,1.97,48,409,Quitado,2025-04-29
612,Consórcio,39635,35281.3,2.44,60,177,Ativo,2024-10-16
613,Empréstimo,30535,30281.55,2.62,60,177,Inadimplente,2023-12-22
614,Investimento,13869,12290.95,2.33,48,217,Quitado,2023-08-26
615,Consórcio,8166,7429.99,2.83,48,11,Quitado,2024-09-13
616,Financiamento,13982,12676.78,2.6,48,446,Ativo,2025-06-28
617,Consórcio,41697,38667.81,2.04,48,118,Ativo,2023-11-19
618,Financiamento,39115,37145.43,2.28,48,164,Quitado,2025-04-08
619,Investimento,8269,6987.37,2.84,60,39,Quitado,2024-04-08
620,Consórcio,29064,26324.57,2.16,24,53,Ativo,2025-07-22
621,Empréstimo,14527,14021.22,2.61,24,218,Inadimplente,2023-12-18
622,Empréstimo,3454,3083.12,2.32,12,206,Inadimplente,2025-07-03
623,Consórcio,21878,18720.82,2.01,24,487,Ativo,2023-12-19
624,Investimento,13991,13024.81,1.33,24,312,Inadimplente,2024-03-22
625,Investimento,3808,3673.78,1.74,60,360,Quitado,2024-07-19
626,Empréstimo,40410,32838.3,2.93,48,385,Ativo,2024-10-22
627,Consórcio,37593,35914.78,2.25,48,56,Ativo,2024-01-22
628,Investimento,37304,35973.35,2.04,60,118,Quitado,2025-02-13
629,Empréstimo,31386,28005.87,2.85,24,388,Quitado,2023-09-11
630,Financiamento,49077,48913.14,2.09,60,253,Ativo,2025-05-14
631,Consórcio,4802,4597.15,1.96,12,286,Quitado,2024-12-09
632,Financiamento,29753,28406.16,2.47,48,268,Quitado,2024-01-01
633,Financiamento,22083,20969.3,2.37,36,291,Quitado,2024-04-08
634,Investimento,19354,16066.17,1.22,12,333,Ativo,2025-02-05
635,Investimento,23190,19559.52,1.84,12,180,Inadimplente,2024-01-14
636,Investimento,7142,6376.36,1.84,60,415,Ativo,2024-05-29
637,Consórcio,29398,25070.64,1.63,24,358,Ativo,2025-05-25
638,Financiamento,42862,37849.21,1.94,48,235,Ativo,2025-06-17
639,Consórcio,34132,33370.61,1.71,36,343,Ativo,2024-10-10
640,Investimento,20503,19782.63,1.24,12,196,Inadimplente,2024-07-11
641,Financiamento,49456,45796.65,1.71,36,308,Ativo,2024-04-27
642,Consórcio,35631,34619.94,0.96,24,80,Quitado,2024-08-13
643,Consórcio,17499,16742.25,2.07,24,135,Ativo,2023-12-21
644,Empréstimo,40852,36186.58,2.68,36,22,Ativo,2024-07-25
645,Consórcio,9016,7575.36,2.4,48,477,Inadimplente,2024-02-08
646,Investimento,3384,3055.21,1.59,24,331,Quitado,2024-12-01
647,Consórcio,16072,15224.13,0.99,36,440,Ativo,2024-10-02
648,Financiamento,37703,33453.27,1.24,12,225,Quitado,2024-11-17
649,Consórcio,46895,43769.65,2.0,36,58,Ativo,2025-04-24
650,Empréstimo,15482,12677.68,1.26,36,93,Ativo,2024-08-27
651,Financiamento,41510,39417.94,2.0,60,192,Quitado,2025-05-26
652,Financiamento,49933,48062.65,1.31,24,103,Quitado,2023-10-29
653,Empréstimo,22826,21487.66,2.67,48,396,Ativo,2024-03-26
654,Investimento,3490,3467.15,1.67,48,7,Inadimplente,2025-02-19
655,Financiamento,47092,45459.34,1.34,60,128,Quitado,2024-10-13
656,Investimento,26518,26004.05,2.59,48,55,Ativo,2023-08-10
657,Financiamento,25045,24712.26,1.55,36,231,Quitado,2025-02-18
658,Financiamento,27910,26801.12,1.05,60,362,Quitado,2025-01-11
659,Investimento,25566,23900.42,2.05,12,62,Quitado,2024-10-11
660,Financiamento,34905,27963.92,2.08,24,240,Ativo,2023-09-10
661,Investimento,28103,25100.62,2.37,24,90,Quitado,2023-10-22
662,Empréstimo,37188,33998.48,1.33,24,232,Ativo,2025-02-27
663,Investimento,6845,5892.22,1.78,36,457,Inadimplente,2023-11-22
664,Empréstimo,22162,19139.57,1.42,12,233,Quitado,2025-07-07
665,Financiamento,37674,37381.34,0.98,60,354,Ativo,2024-12-10
666,Investimento,20337,19896.54,2.73,60,493,Quitado,2024-05-28
667,Financiamento,23313,22609.78,2.4,24,333,Inadimplente,2023-12-08
668,Investimento,27943,24623.44,1.46,12,439,Inadimplente,2024-08-11
669,Empréstimo,13413,10767.15,2.12,12,375,Ativo,2023-12-19
670,Empréstimo,1276,1041.27,1.24,12,292,Ativo,2023-11-05
671,Investimento,18611,16050.86,2.76,48,345,Quitado,2024-10-13
672,Empréstimo,40105,32210.27,1.05,48,152,Ativo,2024-12-03
673,Financiamento,12944,10399.6,0.81,24,428,Inadimplente,2023-12-01
674,Financiamento,16906,16624.02,1.9,12,145,Ativo,2025-04-08
675,Consórcio,21536,20270.37,2.08,12,130,Ativo,2023-08-09
676,Empréstimo,28810,24828.2,2.07,60,141,Ativo,2024-12-07
677,Financiamento,13306,10997.79,0.92,60,415,Ativo,2024-05-25
678,Investimento,11503,10379.47,1.49,24,93,Quitado,2023-11-20
679,Empréstimo,20225,16201.63,1.9,12,114,Ativo,2025-02-25
680,Financiamento,37976,37508.24,1.28,24,284,Ativo,2023-12-18
681,Empréstimo,12590,11116.5,2.72,60,444,Ativo,2024-09-25
682,Investimento,11886,10465.23,0.99,60,411,Quitado,2024-10-29
683,Financiamento,13866,12175.99,1.87,48,143,Ativo,2024-05-31
684,Consórcio,2088,1699.35,2.32,24,223,Quitado,2025-02-06
685,Consórcio,4363,4047.4,1.38,24,232,Quitado,2024-12-12
686,Empréstimo,33792,31987.53,2.17,12,463,Quitado,2025-03-05
687,Investimento,10764,10066.76,2.62,12,33,Inadimplente,2025-05-06
688,Financiamento,21620,17894.6,1.22,48,276,Inadimplente,2023-10-09
689,Investimento,43727,40043.79,2.82,36,170,Inadimplente,2024-10-08
690,Financiamento,13935,12735.15,2.02,36,140,Ativo,2024-04-06
691,Empréstimo,9068,8829.35,1.46,36,357,Ativo,2025-01-18
692,Financiamento,8295,7264.97,1.75,24,201,Ativo,2024-10-13
693,Investimento,42160,36860.37,1.49,24,23,Inadimplente,2025-04-11
694,Investimento,12390,11444.71,2.4,60,456,Inadimplente,2024-09-14
695,Empréstimo,42216,39117.96,2.55,24,224,Inadimplente,2024-08-17
696,Investimento,21131,18888.09,2.63,24,368,Ativo,2024-12-22
697,Financiamento,30218,26852.07,2.97,24,270,Inadimplente,2024-06-30
698,Empréstimo,11433,10276.32,2.54,48,347,Ativo,2023-12-07
699,Financiamento,16038,15592.29,2.12,24,153,Ativo,2024-02-01
700,Investimento,29182,26037.15,1.55,12,333,Ativo,2024-08-30
701,Empréstimo,12528,12377.49,2.0,12,85,Ativo,2024-11-05
702,Financiamento,22281,20070.74,0.89,60,109,Quitado,2025-02-05
703,Investimento,49511,49007.98,2.44,48,31,Ativo,2025-03-30
704,Investimento,9605,9283.87,1.78,12,229,Ativo,2025-03-01
705,Consórcio,35782,31219.3,0.84,48,240,Quitado,2025-04-15
706,Investimento,2381,2316.07,0.94,48,378,Inadimplente,2024-02-17
707,Financiamento,2098,1724.58,1.65,60,363,Quitado,2024-12-31
708,Empréstimo,20810,20498.05,2.08,48,310,Ativo,2024-05-10
709,Consórcio,25322,23456.5,1.82,24,389,Inadimplente,2024-10-13
710,Investimento,42869,34761.54,2.16,48,141,Inadimplente,2024-10-24
711,Investimento,33955,31539.15,1.86,60,156,Ativo,2025-03-10
712,Investimento,45716,45480.54,2.26,60,299,Quitado,2024-10-10
713,Financiamento,11207,9122.05,1.28,60,345,Ativo,2025-01-09
714,Consórcio,22793,20763.0,1.05,12,371,Ativo,2024-07-10
715,Financiamento,3092,2936.04,2.11,24,99,Quitado,2024-05-01
716,Consórcio,29220,28111.15,1.87,12,47,Inadimplente,2023-10-21
717,Empréstimo,19514,17226.29,0.86,36,487,Ativo,2025-06-18
718,Financiamento,39010,32800.91,1.64,24,327,Inadimplente,2024-05-22
719,Financiamento,9549,7720.07,1.03,48,422,Inadimplente,2023-08-05
720,Empréstimo,23031,21095.13,1.97,60,480,Inadimplente,2024-07-16
721,Consórcio,6185,5508.25,1.67,36,67,Ativo,2025-07-16
722,Investimento,16271,16104.2,2.15,24,62,Inadimplente,2023-09-19
723,Empréstimo,6776,5502.93,2.57,12,109,Ativo,2024-03-18
724,Investimento,13449,12602.78,1.46,60,167,Quitado,2024-12-04
725,Investimento,25297,20363.91,2.92,12,37,Ativo,2024-04-05
726,Empréstimo,41591,34698.82,1.98,24,119,Ativo,2023-12-06
727,Consórcio,16717,14890.1,2.16,24,498,Quitado,2024-04-19
728,Investimento,41123,36639.54,2.3,36,86,Ativo,2024-04-16
729,Empréstimo,40233,37703.96,2.27,48,382,Ativo,2025-04-28
730,Financiamento,46505,45669.89,1.92,12,392,Ativo,2023-09-10
731,Financiamento,47092,43692.26,1.74,36,465,Quitado,2024-09-16
732,Financiamento,11350,11244.52,0.92,60,52,Ativo,2024-01-22
733,Empréstimo,31622,30873.29,0.85,48,91,Inadimplente,2025-04-19
734,Financiamento,36323,33304.56,1.59,36,289,Ativo,2024-02-27
735,Investimento,3951,3819.66,1.53,12,494,Ativo,2025-01-22
736,Financiamento,18622,17290.82,1.65,24,337,Ativo,2024-02-16
737,Financiamento,5727,4671.58,1.1,60,298,Ativo,2023-12-01
738,Investimento,39454,37406.85,2.42,12,204,Ativo,2024-03-19
739,Financiamento,37469,30686.42,2.69,48,368,Ativo,2025-07-08
740,Investimento,36548,33580.91,2.87,48,238,Inadimplente,2024-02-14
741,Financiamento,24782,23308.17,1.88,24,382,Quitado,2024-11-02
742,Investimento,29454,23955.1,2.34,24,155,Ativo,2023-09-24
743,Financiamento,3368,2849.86,2.68,60,240,Ativo,2024-10-03
744,Investimento,16592,16312.17,1.72,60,136,Inadimplente,2023-12-02
745,Empréstimo,23173,21394.77,1.48,24,407,Ativo,2024-12-01
746,Investimento,34204,29047.99,2.86,24,362,Ativo,2024-12-02
747,Financiamento,36596,34332.02,1.93,48,381,Quitado,2024-01-15
748,Financiamento,35324,32475.31,1.89,24,369,Quitado,2024-10-04
749,Consórcio,47132,42433.65,1.19,36,64,Quitado,2023-12-17
750,Investimento,24864,24745.58,1.04,12,123,Ativo,2025-02-17
751,Empréstimo,48829,45737.67,2.65,24,254,Ativo,2024-09-20
752,Investimento,31750,27784.05,2.15,60,477,Quitado,2023-10-05
753,Investimento,11576,11113.13,1.52,36,114,Ativo,2023-12-04
754,Empréstimo,17566,17160.52,1.22,60,20,Quitado,2024-04-30
755,Investimento,8190,6757.11,2.02,36,16,Quitado,2023-12-27
756,Empréstimo,24071,20222.3,2.08,24,145,Ativo,2024-01-31
757,Empréstimo,39333,33167.37,1.26,12,208,Inadimplente,2024-11-27
758,Investimento,16369,15358.09,2.67,60,19,Inadimplente,2023-08-29
759,Investimento,25035,23047.42,0.99,36,376,Quitado,2024-12-09
760,Financiamento,2589,2391.71,1.58,48,392,Ativo,2023-12-30
761,Financiamento,26235,25924.24,2.3,24,166,Ativo,2023-12-21
762,Consórcio,1159,1107.06,1.4,12,38,Ativo,2024-01-12
763,Consórcio,13145,10852.35,2.62,24,181,Ativo,2024-04-23
764,Investimento,16373,14236.35,2.43,48,349,Inadimplente,2025-03-27
765,Empréstimo,32921,29203.52,2.54,12,105,Ativo,2025-07-14
766,Consórcio,40323,35451.67,1.06,48,100,Ativo,2023-09-16
767,Investimento,17237,16096.97,1.11,24,90,Ativo,2024-08-14
768,Consórcio,42971,42041.91,1.43,36,415,Quitado,2024-04-23
769,Empréstimo,9244,7961.03,1.94,24,300,Ativo,2025-01-07
770,Investimento,15743,14332.04,2.45,24,444,Ativo,2023-08-25
771,Empréstimo,32566,31194.38,2.64,24,332,Ativo,2023-09-11
772,Investimento,47101,41601.66,2.35,60,401,Inadimplente,2024-04-21
773,Consórcio,47109,39271.18,2.84,48,79,Ativo,2025-07-27
774,Financiamento,19691,17623.25,2.43,48,73,Inadimplente,2024-08-01
775,Consórcio,34996,28383.31,1.47,48,423,Inadimplente,2023-10-01
776,Consórcio,6590,6514.06,1.38,60,426,Ativo,2024-10-19
777,Financiamento,6585,5366.54,2.33,36,176,Quitado,2025-07-02
778,Financiamento,10227,9078.42,1.22,24,396,Ativo,2025-05-24
779,Investimento,29278,26525.17,1.0,36,96,Inadimplente,2024-07-03
780,Investimento,39814,39696.98,1.97,60,345,Quitado,2025-06-07
781,Empréstimo,13237,11029.13,2.61,48,103,Ativo,2025-05-31
782,Empréstimo,16649,13700.23,1.02,24,402,Ativo,2023-10-16
783,Consórcio,38713,31037.81,2.54,12,463,Ativo,2023-08-07
784,Financiamento,8927,7419.36,2.59,12,224,Inadimplente,2024-11-04
785,Empréstimo,46409,39051.07,1.86,36,6,Ativo,2024-04-22
786,Consórcio,49766,46089.1,0.93,48,122,Quitado,2025-04-26
787,Financiamento,47154,39795.21,1.18,12,236,Ativo,2024-06-29
788,Investimento,8016,6445.7,2.36,36,427,Inadimplente,2024-02-09
789,Consórcio,15027,14505.92,2.37,60,116,Ativo,2023-09-14
790,Investimento,49688,43383.54,2.78,36,163,Quitado,2024-10-02
791,Empréstimo,25142,21892.13,2.08,36,226,Ativo,2024-01-01
792,Empréstimo,47520,40890.76,1.07,36,230,Quitado,2025-02-28
793,Financiamento,24545,24424.11,1.07,24,182,Ativo,2024-01-10
794,Consórcio,32897,27436.86,2.39,36,249,Ativo,2025-03-01
795,Investimento,4167,4082.19,1.2,36,318,Ativo,2024-07-27
796,Financiamento,45757,43714.44,1.52,24,453,Quitado,2024-12-20
797,Empréstimo,27917,22760.62,1.87,24,210,Ativo,2024-01-28
798,Empréstimo,23736,23673.0,0.85,60,144,Quitado,2024-08-01
799,Consórcio,28990,24765.38,1.35,48,392,Ativo,2025-02-13
800,Investimento,15087,12367.06,1.7,12,345,Inadimplente,2024-05-04
801,Consórcio,23440,22639.83,1.42,12,96,Inadimplente,2024-02-27
802,Investimento,36205,34081.04,1.1,36,382,Quitado,2024-02-24
803,Investimento,16275,15029.05,2.4,60,346,Ativo,2024-07-15
804,Consórcio,6276,5216.59,2.59,36,244,Ativo,2024-03-03
805,Financiamento,42627,38180.97,1.37,12,86,Ativo,2024-12-31
806,Consórcio,41586,39760.84,2.5,24,415,Ativo,2023-10-25
807,Consórcio,38496,33134.46,1.65,48,491,Quitado,2023-11-27
808,Empréstimo,20008,17253.66,1.91,60,394,Quitado,2024-07-19
809,Empréstimo,6738,5394.63,2.68,24,184,Inadimplente,2025-04-29
810,Consórcio,33402,27885.62,2.45,48,121,Ativo,2024-08-14
811,Consórcio,6793,6623.73,2.57,60,332,Quitado,2024-02-14
812,Empréstimo,38291,34015.78,1.1,60,92,Ativo,2025-03-21
813,Investimento,6571,6550.28,0.95,12,70,Quitado,2023-11-14
814,Consórcio,32331,28423.53,2.77,24,404,Ativo,2024-06-21
815,Financiamento,17209,16228.73,1.65,60,133,Ativo,2024-12-27
816,Financiamento,49014,41974.8,1.43,60,279,Ativo,2025-01-18
817,Financiamento,26394,23035.68,2.39,48,137,Quitado,2025-06-14
818,Consórcio,44148,37002.43,2.64,12,314,Inadimplente,2024-05-30
819,Investimento,26682,23197.66,2.7,36,187,Ativo,2023-08-30
820,Investimento,3224,2932.06,1.5,12,221,Ativo,2024-12-24
821,Empréstimo,42157,42087.63,2.67,36,464,Ativo,2024-04-12
822,Consórcio,49695,46357.5,0.89,24,438,Quitado,2025-05-19
823,Investimento,45452,38172.83,0.91,24,46,Ativo,2024-07-19
824,Consórcio,44408,35925.73,2.17,60,278,Quitado,2024-09-21
825,Empréstimo,33441,27597.9,0.94,24,192,Inadimplente,2024-11-25
826,Empréstimo,42430,38717.84,1.51,60,8,Inadimplente,2024-11-08
827,Empréstimo,40129,38244.22,2.28,12,379,Ativo,2024-12-14
828,Financiamento,35716,35290.4,1.54,24,276,Inadimplente,2025-02-01
829,Consórcio,45859,36832.33,1.2,12,179,Quitado,2024-07-30
830,Empréstimo,27586,24952.97,1.42,12,334,Ativo,2025-06-21
831,Consórcio,45760,40917.38,1.81,24,39,Quitado,2025-05-26
832,Financiamento,24478,22794.18,1.85,12,293,Inadimplente,2024-12-23
833,Financiamento,7318,6673.4,2.52,24,178,Ativo,2024-02-09
834,Empréstimo,29694,27835.39,2.45,24,162,Ativo,2023-11-17
835,Empréstimo,21180,19731.64,1.8,24,331,Ativo,2023-07-31
836,Investimento,13180,10852.44,2.66,36,374,Quitado,2024-01-26
837,Consórcio,34002,32640.0,1.05,12,104,Ativo,2025-03-18
838,Empréstimo,16372,13501.11,1.36,48,161,Inadimplente,2023-09-14
839,Investimento,30796,28939.19,2.62,24,287,Quitado,2023-12-08
840,Consórcio,25427,22457.87,1.63,12,123,Quitado,2025-07-22
841,Empréstimo,34290,30955.99,2.96,60,54,Ativo,2024-11-11
842,Investimento,29099,28536.21,1.83,24,428,Quitado,2023-12-03
843,Investimento,46486,45462.23,2.54,24,34,Ativo,2025-06-07
844,Consórcio,10821,10426.8,1.69,48,242,Ativo,2023-11-26
845,Investimento,6832,6162.67,1.73,36,455,Quitado,2024-05-03
846,Consórcio,13820,13090.97,1.64,36,378,Ativo,2024-01-27
847,Consórcio,17211,15534.29,2.38,24,113,Quitado,2024-04-21
848,Consórcio,40890,39823.64,2.0,12,318,Ativo,2024-02-15
849,Financiamento,6842,6024.76,2.88,60,23,Ativo,2024-01-15
850,Investimento,2316,2302.21,1.35,60,46,Ativo,2025-01-18
851,Consórcio,46968,46332.27,1.02,12,312,Inadimplente,2024-10-04
852,Empréstimo,18508,17551.52,1.67,24,135,Quitado,2023-10-05
853,Financiamento,23005,19689.59,2.16,60,118,Quitado,2024-12-06
854,Financiamento,16206,13391.52,2.69,36,473,Ativo,2025-04-23
855,Investimento,19971,19390.66,1.56,12,189,Ativo,2023-12-07
856,Consórcio,26599,22158.58,2.24,48,131,Inadimplente,2023-09-12
857,Investimento,23056,22383.97,1.57,24,422,Ativo,2025-07-11
858,Financiamento,2378,2135.81,2.16,12,212,Ativo,2023-10-25
859,Consórcio,2519,2220.02,2.75,60,418,Quitado,2023-07-31
860,Empréstimo,23161,22712.56,1.31,24,113,Ativo,2025-02-18
861,Consórcio,41703,38398.88,1.69,36,44,Inadimplente,2023-10-20
862,Financiamento,39861,36485.68,2.99,24,128,Quitado,2024-07-28
863,Empréstimo,6355,5794.19,2.71,24,364,Ativo,2024-08-23
864,Consórcio,10083,8814.9,2.04,36,158,Ativo,2025-03-14
865,Empréstimo,39342,37655.35,1.94,36,273,Ativo,2025-02-06
866,Empréstimo,21456,18249.61,1.43,24,315,Inadimplente,2024-11-07
867,Financiamento,14324,14148.95,1.94,36,394,Quitado,2024-12-02
868,Empréstimo,3257,3187.94,2.67,12,355,Ativo,2024-04-25
869,Investimento,28364,24605.66,2.31,36,340,Ativo,2024-08-22
870,Financiamento,25972,24566.73,1.44,36,402,Quitado,2023-09-25
871,Investimento,47179,43152.02,1.24,24,45,Quitado,2025-02-10
872,Empréstimo,27654,23990.67,1.38,12,108,Ativo,2024-08-10
873,Investimento,16233,16195.73,1.17,48,219,Ativo,2024-08-29
874,Consórcio,16887,13594.84,1.01,48,443,Ativo,2024-12-25
875,Empréstimo,30320,25788.05,1.72,60,318,Quitado,2025-04-30
876,Consórcio,21808,19714.76,1.05,36,315,Inadimplente,2023-09-23
877,Investimento,31154,28175.38,1.18,36,177,Ativo,2024-12-15
878,Consórcio,35773,32831.98,2.0,12,228,Quitado,2024-02-11
879,Empréstimo,28747,27319.29,1.16,48,191,Ativo,2024-03-24
880,Consórcio,11860,10966.89,0.94,60,471,Ativo,2024-07-12
881,Investimento,43838,40333.43,1.5,12,160,Ativo,2025-07-10
882,Investimento,43156,34986.69,1.28,36,394,Inadimplente,2025-01-26
883,Investimento,19156,16767.36,1.93,48,267,Ativo,2025-06-13
884,Empréstimo,21360,18079.34,1.03,60,358,Quitado,2024-02-07
885,Investimento,19135,16323.57,2.45,24,326,Ativo,2023-08-24
886,Empréstimo,26351,24002.27,2.79,48,379,Ativo,2023-09-21
887,Consórcio,31499,26456.04,2.44,60,489,Ativo,2024-09-07
888,Investimento,48377,41545.68,1.97,12,190,Quitado,2024-11-05
889,Consórcio,24554,20807.48,2.69,24,175,Ativo,2024-01-15
890,Financiamento,20604,20391.79,2.33,60,290,Quitado,2024-06-26
891,Consórcio,17923,17724.65,0.82,60,484,Ativo,2024-01-10
892,Financiamento,48591,44800.33,1.67,36,357,Ativo,2024-12-26
893,Consórcio,9547,9402.88,2.67,48,145,Ativo,2023-12-15
894,Empréstimo,45283,43343.19,1.56,36,232,Ativo,2024-12-20
895,Consórcio,34002,31213.48,0.88,24,360,Ativo,2025-04-17
896,Empréstimo,15562,12469.63,2.44,60,438,Ativo,2025-03-12
897,Empréstimo,8480,8094.19,2.56,36,204,Quitado,2024-07-29
898,Investimento,27672,26025.45,1.15,48,213,Quitado,2023-09-16
899,Empréstimo,5213,4811.86,1.98,24,40,Ativo,2024-07-31
900,Financiamento,11293,10751.89,1.22,12,275,Ativo,2024-08-21
901,Investimento,35441,31988.49,2.38,36,323,Ativo,2024-02-20
902,Investimento,3100,2916.53,1.4,24,82,Ativo,2025-05-31
903,Consórcio,45617,45025.55,1.5,12,181,Ativo,2024-09-23
904,Empréstimo,29172,25530.2,2.66,36,499,Inadimplente,2024-01-04
905,Empréstimo,21132,19898.41,1.85,24,320,Ativo,2024-08-18
906,Financiamento,19199,17185.75,2.27,24,83,Ativo,2024-06-16
907,Consórcio,37609,35159.9,1.69,36,303,Ativo,2025-07-28
908,Consórcio,43965,41880.12,1.46,24,262,Ativo,2023-11-20
909,Investimento,9016,7294.76,2.18,60,272,Quitado,2024-12-15
910,Investimento,40779,37896.74,1.14,36,200,Ativo,2025-01-20
911,Investimento,38261,32343.87,1.62,24,240,Ativo,2024-06-10
912,Financiamento,32881,30711.07,1.26,12,402,Quitado,2024-11-11
913,Financiamento,18058,16137.82,2.33,12,180,Ativo,2024-11-25
914,Investimento,25472,24318.39,2.88,60,432,Quitado,2025-07-16
915,Consórcio,42346,34921.91,2.99,36,171,Quitado,2025-07-09
916,Financiamento,35926,33241.05,1.79,24,295,Ativo,2024-04-01
917,Consórcio,35832,30661.23,1.36,24,177,Quitado,2023-09-28
918,Consórcio,37021,35932.45,1.77,12,369,Ativo,2024-03-03
919,Empréstimo,25087,24727.67,2.66,60,396,Quitado,2024-02-19
920,Investimento,13828,13818.04,1.25,12,237,Ativo,2025-01-12
921,Empréstimo,32128,30817.23,2.89,12,138,Ativo,2024-10-12
922,Investimento,2401,2282.74,1.55,60,327,Quitado,2025-03-13
923,Investimento,20643,17404.12,2.97,36,366,Inadimplente,2024-06-08
924,Consórcio,16193,14042.59,2.64,24,311,Inadimplente,2025-06-16
925,Investimento,27853,24876.53,2.58,36,129,Quitado,2024-03-05
926,Consórcio,45864,43785.27,1.5,48,49,Ativo,2024-09-23
927,Consórcio,21307,20944.64,0.82,48,164,Ativo,2023-10-12
928,Investimento,37982,31822.38,1.64,48,277,Ativo,2024-04-07
929,Consórcio,20611,20290.98,1.46,60,293,Ativo,2025-02-20
930,Consórcio,44791,42064.34,0.88,12,116,Ativo,2024-04-09
931,Consórcio,12950,11941.9,1.91,36,24,Inadimplente,2025-01-27
932,Financiamento,11704,9830.99,1.69,24,311,Ativo,2024-04-30
933,Consórcio,44111,35778.65,2.2,48,25,Ativo,2024-01-11
934,Financiamento,12867,11756.49,2.17,36,391,Ativo,2025-02-10
935,Financiamento,3745,3483.99,1.07,48,127,Inadimplente,2024-02-07
936,Consórcio,4866,4097.93,2.95,48,234,Quitado,2025-07-16
937,Consórcio,33245,30295.88,1.21,24,209,Quitado,2025-04-24
938,Financiamento,45724,44411.66,1.78,60,93,Ativo,2024-04-01
939,Financiamento,6818,6593.1,1.87,12,94,Inadimplente,2025-01-19
940,Consórcio,49861,49136.57,2.59,60,327,Ativo,2024-12-06
941,Consórcio,31116,27169.78,1.02,36,225,Inadimplente,2024-08-26
942,Investimento,16493,14243.52,1.74,60,455,Quitado,2024-02-01
943,Financiamento,29038,27582.77,2.18,36,378,Ativo,2025-02-06
944,Financiamento,21447,19006.81,1.27,36,280,Ativo,2024-10-15
945,Investimento,31431,25695.15,2.18,12,11,Quitado,2024-02-09
946,Financiamento,18908,16195.84,2.83,24,329,Ativo,2024-04-14
947,Empréstimo,30336,26808.42,2.99,12,12,Inadimplente,2024-08-13
948,Financiamento,41992,36050.27,0.87,60,35,Ativo,2025-05-14
949,Investimento,5025,4353.87,1.32,36,447,Ativo,2024-08-14
950,Empréstimo,21093,18113.72,1.48,48,452,Ativo,2025-07-27
951,Consórcio,7155,5783.39,1.68,48,228,Ativo,2025-06-07
952,Investimento,47607,44151.63,1.33,36,220,Ativo,2025-07-11
953,Investimento,34487,31709.36,1.25,12,441,Ativo,2024-04-11
954,Consórcio,48658,45284.87,2.9,24,141,Quitado,2024-01-15
955,Investimento,21963,18415.14,2.82,12,23,Ativo,2025-03-07
956,Financiamento,21936,18845.9,0.9,36,83,Inadimplente,2024-03-18
957,Consórcio,5426,5013.21,1.55,36,490,Quitado,2023-08-31
958,Investimento,24303,22356.95,1.69,24,229,Inadimplente,2023-10-10
959,Consórcio,46280,41710.59,1.33,60,423,Ativo,2024-07-17
960,Consórcio,28606,24889.58,2.18,60,344,Ativo,2025-03-06
961,Consórcio,48832,47981.65,2.21,24,80,Ativo,2025-01-03
962,Empréstimo,29151,25301.73,2.67,60,353,Quitado,2025-03-30
963,Investimento,14767,13159.23,2.43,48,396,Inadimplente,2024-03-11
964,Empréstimo,12308,11515.65,1.99,60,290,Ativo,2024-04-05
965,Investimento,45245,41109.8,2.24,60,455,Ativo,2023-10-04
966,Financiamento,46671,40574.7,1.4,60,331,Inadimplente,2023-10-18
967,Financiamento,25770,22861.31,2.1,48,159,Ativo,2023-12-25
968,Financiamento,29572,28356.48,1.88,60,477,Quitado,2024-07-26
969,Investimento,42448,36319.61,1.09,48,128,Quitado,2025-06-08
970,Consórcio,3204,2654.36,1.33,24,190,Inadimplente,2024-05-13
971,Consórcio,28233,24354.71,1.44,12,397,Ativo,2024-03-09
972,Empréstimo,22729,22045.01,2.83,24,31,Ativo,2025-01-04
973,Empréstimo,32131,26276.67,1.31,12,386,Quitado,2025-04-29
974,Financiamento,34870,34812.09,1.44,24,359,Inadimplente,2024-01-10
975,Empréstimo,39011,35429.81,1.61,12,15,Ativo,2024-07-22
976,Investimento,40382,40259.61,2.26,12,313,Ativo,2024-11-30
977,Investimento,42475,41956.77,1.06,36,75,Quitado,2025-06-05
978,Empréstimo,47681,42462.92,2.9,12,34,Inadimplente,2024-06-18
979,Empréstimo,22607,18983.06,2.7,12,359,Inadimplente,2025-04-25
980,Empréstimo,25968,21630.75,2.07,36,196,Inadimplente,2023-09-05
981,Empréstimo,34398,29169.43,2.28,60,331,Ativo,2023-08-28
982,Financiamento,12908,12159.68,0.84,60,29,Ativo,2025-06-10
983,Financiamento,27423,23435.42,1.55,36,194,Quitado,2024-08-25
984,Empréstimo,44615,38738.54,2.55,48,16,Inadimplente,2024-11-15
985,Investimento,10171,9049.71,0.97,12,423,Ativo,2024-04-29
986,Financiamento,13721,13482.89,1.42,12,77,Ativo,2023-12-18
987,Investimento,17616,14760.07,2.09,36,293,Quitado,2023-10-18
988,Consórcio,43512,34853.34,1.36,36,81,Ativo,2023-11-18
989,Investimento,39458,32040.66,2.85,48,405,Ativo,2024-03-25
990,Empréstimo,47169,46270.58,1.09,60,428,Quitado,2023-09-09
991,Consórcio,8659,8048.57,2.55,24,124,Quitado,2025-01-12
992,Financiamento,44369,37918.11,1.92,60,19,Quitado,2025-03-31
993,Financiamento,12704,10613.41,2.45,12,455,Ativo,2023-09-13
994,Consórcio,33793,29023.23,1.48,36,102,Quitado,2024-06-07
995,Investimento,49152,40450.1,1.93,48,392,Quitado,2024-12-09
996,Financiamento,47473,46917.88,2.69,60,77,Quitado,2023-11-19
997,Empréstimo,32226,30835.17,1.83,48,229,Quitado,2024-04-07
998,Consórcio,24852,22179.87,1.59,60,450,Ativo,2024-09-05
999,Empréstimo,33082,32188.54,1.98,12,297,Ativo,2024-06-19
1000,Consórcio,23794,20222.32,2.38,24,203,Ativo,2024-07-21
